5 Minutes,Lane 1 Flow (Veh/5 Minutes),# Lane Points,% Observed,SCATS
2006/01/10 00:00,61,1,100,2825
2006/01/10 00:15,83,1,100,2825
2006/01/10 00:30,55,1,100,2825
2006/01/10 00:45,46,1,100,2825
2006/01/10 01:00,60,1,100,2825
2006/01/10 01:15,48,1,100,2825
2006/01/10 01:30,35,1,100,2825
2006/01/10 01:45,28,1,100,2825
2006/01/10 02:00,17,1,100,2825
2006/01/10 02:15,25,1,100,2825
2006/01/10 02:30,18,1,100,2825
2006/01/10 02:45,19,1,100,2825
2006/01/10 03:00,25,1,100,2825
2006/01/10 03:15,13,1,100,2825
2006/01/10 03:30,17,1,100,2825
2006/01/10 03:45,15,1,100,2825
2006/01/10 04:00,18,1,100,2825
2006/01/10 04:15,9,1,100,2825
2006/01/10 04:30,9,1,100,2825
2006/01/10 04:45,10,1,100,2825
2006/01/10 05:00,27,1,100,2825
2006/01/10 05:15,17,1,100,2825
2006/01/10 05:30,17,1,100,2825
2006/01/10 05:45,23,1,100,2825
2006/01/10 06:00,26,1,100,2825
2006/01/10 06:15,34,1,100,2825
2006/01/10 06:30,52,1,100,2825
2006/01/10 06:45,31,1,100,2825
2006/01/10 07:00,34,1,100,2825
2006/01/10 07:15,36,1,100,2825
2006/01/10 07:30,53,1,100,2825
2006/01/10 07:45,59,1,100,2825
2006/01/10 08:00,58,1,100,2825
2006/01/10 08:15,86,1,100,2825
2006/01/10 08:30,80,1,100,2825
2006/01/10 08:45,100,1,100,2825
2006/01/10 09:00,114,1,100,2825
2006/01/10 09:15,120,1,100,2825
2006/01/10 09:30,135,1,100,2825
2006/01/10 09:45,145,1,100,2825
2006/01/10 10:00,163,1,100,2825
2006/01/10 10:15,167,1,100,2825
2006/01/10 10:30,150,1,100,2825
2006/01/10 10:45,141,1,100,2825
2006/01/10 11:00,166,1,100,2825
2006/01/10 11:15,158,1,100,2825
2006/01/10 11:30,171,1,100,2825
2006/01/10 11:45,195,1,100,2825
2006/01/10 12:00,188,1,100,2825
2006/01/10 12:15,185,1,100,2825
2006/01/10 12:30,219,1,100,2825
2006/01/10 12:45,223,1,100,2825
2006/01/10 13:00,201,1,100,2825
2006/01/10 13:15,181,1,100,2825
2006/01/10 13:30,195,1,100,2825
2006/01/10 13:45,210,1,100,2825
2006/01/10 14:00,208,1,100,2825
2006/01/10 14:15,170,1,100,2825
2006/01/10 14:30,203,1,100,2825
2006/01/10 14:45,166,1,100,2825
2006/01/10 15:00,182,1,100,2825
2006/01/10 15:15,176,1,100,2825
2006/01/10 15:30,180,1,100,2825
2006/01/10 15:45,212,1,100,2825
2006/01/10 16:00,200,1,100,2825
2006/01/10 16:15,203,1,100,2825
2006/01/10 16:30,194,1,100,2825
2006/01/10 16:45,219,1,100,2825
2006/01/10 17:00,219,1,100,2825
2006/01/10 17:15,240,1,100,2825
2006/01/10 17:30,218,1,100,2825
2006/01/10 17:45,206,1,100,2825
2006/01/10 18:00,164,1,100,2825
2006/01/10 18:15,159,1,100,2825
2006/01/10 18:30,184,1,100,2825
2006/01/10 18:45,142,1,100,2825
2006/01/10 19:00,128,1,100,2825
2006/01/10 19:15,103,1,100,2825
2006/01/10 19:30,98,1,100,2825
2006/01/10 19:45,93,1,100,2825
2006/01/10 20:00,107,1,100,2825
2006/01/10 20:15,92,1,100,2825
2006/01/10 20:30,90,1,100,2825
2006/01/10 20:45,68,1,100,2825
2006/01/10 21:00,91,1,100,2825
2006/01/10 21:15,130,1,100,2825
2006/01/10 21:30,139,1,100,2825
2006/01/10 21:45,94,1,100,2825
2006/01/10 22:00,103,1,100,2825
2006/01/10 22:15,74,1,100,2825
2006/01/10 22:30,52,1,100,2825
2006/01/10 22:45,54,1,100,2825
2006/01/10 23:00,44,1,100,2825
2006/01/10 23:15,44,1,100,2825
2006/01/10 23:30,25,1,100,2825
2006/01/10 23:45,34,1,100,2825
2006/02/10 00:00,33,1,100,2825
2006/02/10 00:15,31,1,100,2825
2006/02/10 00:30,19,1,100,2825
2006/02/10 00:45,11,1,100,2825
2006/02/10 01:00,8,1,100,2825
2006/02/10 01:15,13,1,100,2825
2006/02/10 01:30,10,1,100,2825
2006/02/10 01:45,8,1,100,2825
2006/02/10 02:00,9,1,100,2825
2006/02/10 02:15,11,1,100,2825
2006/02/10 02:30,6,1,100,2825
2006/02/10 02:45,9,1,100,2825
2006/02/10 03:00,7,1,100,2825
2006/02/10 03:15,7,1,100,2825
2006/02/10 03:30,6,1,100,2825
2006/02/10 03:45,5,1,100,2825
2006/02/10 04:00,4,1,100,2825
2006/02/10 04:15,9,1,100,2825
2006/02/10 04:30,12,1,100,2825
2006/02/10 04:45,13,1,100,2825
2006/02/10 05:00,14,1,100,2825
2006/02/10 05:15,19,1,100,2825
2006/02/10 05:30,25,1,100,2825
2006/02/10 05:45,32,1,100,2825
2006/02/10 06:00,58,1,100,2825
2006/02/10 06:15,77,1,100,2825
2006/02/10 06:30,128,1,100,2825
2006/02/10 06:45,138,1,100,2825
2006/02/10 07:00,179,1,100,2825
2006/02/10 07:15,257,1,100,2825
2006/02/10 07:30,312,1,100,2825
2006/02/10 07:45,360,1,100,2825
2006/02/10 08:00,346,1,100,2825
2006/02/10 08:15,410,1,100,2825
2006/02/10 08:30,394,1,100,2825
2006/02/10 08:45,341,1,100,2825
2006/02/10 09:00,263,1,100,2825
2006/02/10 09:15,228,1,100,2825
2006/02/10 09:30,210,1,100,2825
2006/02/10 09:45,166,1,100,2825
2006/02/10 10:00,167,1,100,2825
2006/02/10 10:15,187,1,100,2825
2006/02/10 10:30,201,1,100,2825
2006/02/10 10:45,173,1,100,2825
2006/02/10 11:00,156,1,100,2825
2006/02/10 11:15,188,1,100,2825
2006/02/10 11:30,157,1,100,2825
2006/02/10 11:45,168,1,100,2825
2006/02/10 12:00,188,1,100,2825
2006/02/10 12:15,166,1,100,2825
2006/02/10 12:30,173,1,100,2825
2006/02/10 12:45,153,1,100,2825
2006/02/10 13:00,195,1,100,2825
2006/02/10 13:15,195,1,100,2825
2006/02/10 13:30,176,1,100,2825
2006/02/10 13:45,168,1,100,2825
2006/02/10 14:00,187,1,100,2825
2006/02/10 14:15,191,1,100,2825
2006/02/10 14:30,223,1,100,2825
2006/02/10 14:45,217,1,100,2825
2006/02/10 15:00,219,1,100,2825
2006/02/10 15:15,240,1,100,2825
2006/02/10 15:30,249,1,100,2825
2006/02/10 15:45,263,1,100,2825
2006/02/10 16:00,282,1,100,2825
2006/02/10 16:15,278,1,100,2825
2006/02/10 16:30,264,1,100,2825
2006/02/10 16:45,297,1,100,2825
2006/02/10 17:00,277,1,100,2825
2006/02/10 17:15,338,1,100,2825
2006/02/10 17:30,332,1,100,2825
2006/02/10 17:45,322,1,100,2825
2006/02/10 18:00,304,1,100,2825
2006/02/10 18:15,270,1,100,2825
2006/02/10 18:30,240,1,100,2825
2006/02/10 18:45,224,1,100,2825
2006/02/10 19:00,168,1,100,2825
2006/02/10 19:15,169,1,100,2825
2006/02/10 19:30,146,1,100,2825
2006/02/10 19:45,99,1,100,2825
2006/02/10 20:00,112,1,100,2825
2006/02/10 20:15,88,1,100,2825
2006/02/10 20:30,90,1,100,2825
2006/02/10 20:45,101,1,100,2825
2006/02/10 21:00,109,1,100,2825
2006/02/10 21:15,116,1,100,2825
2006/02/10 21:30,97,1,100,2825
2006/02/10 21:45,84,1,100,2825
2006/02/10 22:00,94,1,100,2825
2006/02/10 22:15,94,1,100,2825
2006/02/10 22:30,75,1,100,2825
2006/02/10 22:45,49,1,100,2825
2006/02/10 23:00,55,1,100,2825
2006/02/10 23:15,35,1,100,2825
2006/02/10 23:30,35,1,100,2825
2006/02/10 23:45,19,1,100,2825
2006/03/10 00:00,19,1,100,2825
2006/03/10 00:15,12,1,100,2825
2006/03/10 00:30,20,1,100,2825
2006/03/10 00:45,12,1,100,2825
2006/03/10 01:00,5,1,100,2825
2006/03/10 01:15,7,1,100,2825
2006/03/10 01:30,10,1,100,2825
2006/03/10 01:45,5,1,100,2825
2006/03/10 02:00,7,1,100,2825
2006/03/10 02:15,7,1,100,2825
2006/03/10 02:30,6,1,100,2825
2006/03/10 02:45,11,1,100,2825
2006/03/10 03:00,3,1,100,2825
2006/03/10 03:15,5,1,100,2825
2006/03/10 03:30,4,1,100,2825
2006/03/10 03:45,3,1,100,2825
2006/03/10 04:00,13,1,100,2825
2006/03/10 04:15,8,1,100,2825
2006/03/10 04:30,12,1,100,2825
2006/03/10 04:45,17,1,100,2825
2006/03/10 05:00,18,1,100,2825
2006/03/10 05:15,18,1,100,2825
2006/03/10 05:30,32,1,100,2825
2006/03/10 05:45,33,1,100,2825
2006/03/10 06:00,64,1,100,2825
2006/03/10 06:15,109,1,100,2825
2006/03/10 06:30,149,1,100,2825
2006/03/10 06:45,195,1,100,2825
2006/03/10 07:00,189,1,100,2825
2006/03/10 07:15,247,1,100,2825
2006/03/10 07:30,339,1,100,2825
2006/03/10 07:45,377,1,100,2825
2006/03/10 08:00,419,1,100,2825
2006/03/10 08:15,434,1,100,2825
2006/03/10 08:30,413,1,100,2825
2006/03/10 08:45,341,1,100,2825
2006/03/10 09:00,261,1,100,2825
2006/03/10 09:15,198,1,100,2825
2006/03/10 09:30,234,1,100,2825
2006/03/10 09:45,216,1,100,2825
2006/03/10 10:00,173,1,100,2825
2006/03/10 10:15,219,1,100,2825
2006/03/10 10:30,202,1,100,2825
2006/03/10 10:45,138,1,100,2825
2006/03/10 11:00,182,1,100,2825
2006/03/10 11:15,177,1,100,2825
2006/03/10 11:30,167,1,100,2825
2006/03/10 11:45,190,1,100,2825
2006/03/10 12:00,172,1,100,2825
2006/03/10 12:15,190,1,100,2825
2006/03/10 12:30,194,1,100,2825
2006/03/10 12:45,176,1,100,2825
2006/03/10 13:00,167,1,100,2825
2006/03/10 13:15,170,1,100,2825
2006/03/10 13:30,186,1,100,2825
2006/03/10 13:45,178,1,100,2825
2006/03/10 14:00,144,1,100,2825
2006/03/10 14:15,224,1,100,2825
2006/03/10 14:30,211,1,100,2825
2006/03/10 14:45,209,1,100,2825
2006/03/10 15:00,241,1,100,2825
2006/03/10 15:15,269,1,100,2825
2006/03/10 15:30,262,1,100,2825
2006/03/10 15:45,273,1,100,2825
2006/03/10 16:00,294,1,100,2825
2006/03/10 16:15,286,1,100,2825
2006/03/10 16:30,318,1,100,2825
2006/03/10 16:45,288,1,100,2825
2006/03/10 17:00,293,1,100,2825
2006/03/10 17:15,348,1,100,2825
2006/03/10 17:30,322,1,100,2825
2006/03/10 17:45,370,1,100,2825
2006/03/10 18:00,309,1,100,2825
2006/03/10 18:15,309,1,100,2825
2006/03/10 18:30,262,1,100,2825
2006/03/10 18:45,222,1,100,2825
2006/03/10 19:00,234,1,100,2825
2006/03/10 19:15,199,1,100,2825
2006/03/10 19:30,149,1,100,2825
2006/03/10 19:45,134,1,100,2825
2006/03/10 20:00,110,1,100,2825
2006/03/10 20:15,114,1,100,2825
2006/03/10 20:30,111,1,100,2825
2006/03/10 20:45,107,1,100,2825
2006/03/10 21:00,117,1,100,2825
2006/03/10 21:15,92,1,100,2825
2006/03/10 21:30,94,1,100,2825
2006/03/10 21:45,138,1,100,2825
2006/03/10 22:00,116,1,100,2825
2006/03/10 22:15,107,1,100,2825
2006/03/10 22:30,93,1,100,2825
2006/03/10 22:45,68,1,100,2825
2006/03/10 23:00,52,1,100,2825
2006/03/10 23:15,59,1,100,2825
2006/03/10 23:30,42,1,100,2825
2006/03/10 23:45,40,1,100,2825
2006/04/10 00:00,19,1,100,2825
2006/04/10 00:15,33,1,100,2825
2006/04/10 00:30,17,1,100,2825
2006/04/10 00:45,19,1,100,2825
2006/04/10 01:00,14,1,100,2825
2006/04/10 01:15,5,1,100,2825
2006/04/10 01:30,9,1,100,2825
2006/04/10 01:45,8,1,100,2825
2006/04/10 02:00,12,1,100,2825
2006/04/10 02:15,6,1,100,2825
2006/04/10 02:30,8,1,100,2825
2006/04/10 02:45,8,1,100,2825
2006/04/10 03:00,7,1,100,2825
2006/04/10 03:15,9,1,100,2825
2006/04/10 03:30,10,1,100,2825
2006/04/10 03:45,6,1,100,2825
2006/04/10 04:00,8,1,100,2825
2006/04/10 04:15,8,1,100,2825
2006/04/10 04:30,11,1,100,2825
2006/04/10 04:45,10,1,100,2825
2006/04/10 05:00,15,1,100,2825
2006/04/10 05:15,26,1,100,2825
2006/04/10 05:30,40,1,100,2825
2006/04/10 05:45,50,1,100,2825
2006/04/10 06:00,65,1,100,2825
2006/04/10 06:15,94,1,100,2825
2006/04/10 06:30,147,1,100,2825
2006/04/10 06:45,156,1,100,2825
2006/04/10 07:00,202,1,100,2825
2006/04/10 07:15,249,1,100,2825
2006/04/10 07:30,315,1,100,2825
2006/04/10 07:45,352,1,100,2825
2006/04/10 08:00,395,1,100,2825
2006/04/10 08:15,423,1,100,2825
2006/04/10 08:30,367,1,100,2825
2006/04/10 08:45,343,1,100,2825
2006/04/10 09:00,287,1,100,2825
2006/04/10 09:15,194,1,100,2825
2006/04/10 09:30,223,1,100,2825
2006/04/10 09:45,192,1,100,2825
2006/04/10 10:00,205,1,100,2825
2006/04/10 10:15,186,1,100,2825
2006/04/10 10:30,195,1,100,2825
2006/04/10 10:45,138,1,100,2825
2006/04/10 11:00,205,1,100,2825
2006/04/10 11:15,197,1,100,2825
2006/04/10 11:30,187,1,100,2825
2006/04/10 11:45,184,1,100,2825
2006/04/10 12:00,206,1,100,2825
2006/04/10 12:15,185,1,100,2825
2006/04/10 12:30,196,1,100,2825
2006/04/10 12:45,176,1,100,2825
2006/04/10 13:00,172,1,100,2825
2006/04/10 13:15,174,1,100,2825
2006/04/10 13:30,189,1,100,2825
2006/04/10 13:45,183,1,100,2825
2006/04/10 14:00,177,1,100,2825
2006/04/10 14:15,198,1,100,2825
2006/04/10 14:30,191,1,100,2825
2006/04/10 14:45,207,1,100,2825
2006/04/10 15:00,205,1,100,2825
2006/04/10 15:15,269,1,100,2825
2006/04/10 15:30,276,1,100,2825
2006/04/10 15:45,263,1,100,2825
2006/04/10 16:00,277,1,100,2825
2006/04/10 16:15,299,1,100,2825
2006/04/10 16:30,306,1,100,2825
2006/04/10 16:45,305,1,100,2825
2006/04/10 17:00,300,1,100,2825
2006/04/10 17:15,335,1,100,2825
2006/04/10 17:30,371,1,100,2825
2006/04/10 17:45,333,1,100,2825
2006/04/10 18:00,329,1,100,2825
2006/04/10 18:15,270,1,100,2825
2006/04/10 18:30,260,1,100,2825
2006/04/10 18:45,222,1,100,2825
2006/04/10 19:00,213,1,100,2825
2006/04/10 19:15,149,1,100,2825
2006/04/10 19:30,146,1,100,2825
2006/04/10 19:45,133,1,100,2825
2006/04/10 20:00,131,1,100,2825
2006/04/10 20:15,139,1,100,2825
2006/04/10 20:30,121,1,100,2825
2006/04/10 20:45,113,1,100,2825
2006/04/10 21:00,123,1,100,2825
2006/04/10 21:15,139,1,100,2825
2006/04/10 21:30,116,1,100,2825
2006/04/10 21:45,124,1,100,2825
2006/04/10 22:00,115,1,100,2825
2006/04/10 22:15,106,1,100,2825
2006/04/10 22:30,96,1,100,2825
2006/04/10 22:45,92,1,100,2825
2006/04/10 23:00,65,1,100,2825
2006/04/10 23:15,56,1,100,2825
2006/04/10 23:30,43,1,100,2825
2006/04/10 23:45,37,1,100,2825
2006/05/10 00:00,35,1,100,2825
2006/05/10 00:15,31,1,100,2825
2006/05/10 00:30,11,1,100,2825
2006/05/10 00:45,26,1,100,2825
2006/05/10 01:00,16,1,100,2825
2006/05/10 01:15,12,1,100,2825
2006/05/10 01:30,11,1,100,2825
2006/05/10 01:45,13,1,100,2825
2006/05/10 02:00,12,1,100,2825
2006/05/10 02:15,11,1,100,2825
2006/05/10 02:30,12,1,100,2825
2006/05/10 02:45,14,1,100,2825
2006/05/10 03:00,20,1,100,2825
2006/05/10 03:15,15,1,100,2825
2006/05/10 03:30,17,1,100,2825
2006/05/10 03:45,2,1,100,2825
2006/05/10 04:00,4,1,100,2825
2006/05/10 04:15,9,1,100,2825
2006/05/10 04:30,13,1,100,2825
2006/05/10 04:45,11,1,100,2825
2006/05/10 05:00,12,1,100,2825
2006/05/10 05:15,21,1,100,2825
2006/05/10 05:30,43,1,100,2825
2006/05/10 05:45,37,1,100,2825
2006/05/10 06:00,65,1,100,2825
2006/05/10 06:15,94,1,100,2825
2006/05/10 06:30,144,1,100,2825
2006/05/10 06:45,173,1,100,2825
2006/05/10 07:00,173,1,100,2825
2006/05/10 07:15,252,1,100,2825
2006/05/10 07:30,310,1,100,2825
2006/05/10 07:45,396,1,100,2825
2006/05/10 08:00,381,1,100,2825
2006/05/10 08:15,393,1,100,2825
2006/05/10 08:30,422,1,100,2825
2006/05/10 08:45,343,1,100,2825
2006/05/10 09:00,311,1,100,2825
2006/05/10 09:15,240,1,100,2825
2006/05/10 09:30,223,1,100,2825
2006/05/10 09:45,173,1,100,2825
2006/05/10 10:00,195,1,100,2825
2006/05/10 10:15,182,1,100,2825
2006/05/10 10:30,182,1,100,2825
2006/05/10 10:45,138,1,100,2825
2006/05/10 11:00,196,1,100,2825
2006/05/10 11:15,172,1,100,2825
2006/05/10 11:30,167,1,100,2825
2006/05/10 11:45,184,1,100,2825
2006/05/10 12:00,155,1,100,2825
2006/05/10 12:15,191,1,100,2825
2006/05/10 12:30,176,1,100,2825
2006/05/10 12:45,176,1,100,2825
2006/05/10 13:00,199,1,100,2825
2006/05/10 13:15,182,1,100,2825
2006/05/10 13:30,228,1,100,2825
2006/05/10 13:45,183,1,100,2825
2006/05/10 14:00,170,1,100,2825
2006/05/10 14:15,213,1,100,2825
2006/05/10 14:30,212,1,100,2825
2006/05/10 14:45,213,1,100,2825
2006/05/10 15:00,240,1,100,2825
2006/05/10 15:15,248,1,100,2825
2006/05/10 15:30,313,1,100,2825
2006/05/10 15:45,247,1,100,2825
2006/05/10 16:00,292,1,100,2825
2006/05/10 16:15,279,1,100,2825
2006/05/10 16:30,309,1,100,2825
2006/05/10 16:45,271,1,100,2825
2006/05/10 17:00,316,1,100,2825
2006/05/10 17:15,298,1,100,2825
2006/05/10 17:30,365,1,100,2825
2006/05/10 17:45,333,1,100,2825
2006/05/10 18:00,332,1,100,2825
2006/05/10 18:15,301,1,100,2825
2006/05/10 18:30,259,1,100,2825
2006/05/10 18:45,227,1,100,2825
2006/05/10 19:00,206,1,100,2825
2006/05/10 19:15,181,1,100,2825
2006/05/10 19:30,164,1,100,2825
2006/05/10 19:45,162,1,100,2825
2006/05/10 20:00,135,1,100,2825
2006/05/10 20:15,127,1,100,2825
2006/05/10 20:30,106,1,100,2825
2006/05/10 20:45,115,1,100,2825
2006/05/10 21:00,138,1,100,2825
2006/05/10 21:15,131,1,100,2825
2006/05/10 21:30,152,1,100,2825
2006/05/10 21:45,104,1,100,2825
2006/05/10 22:00,96,1,100,2825
2006/05/10 22:15,81,1,100,2825
2006/05/10 22:30,92,1,100,2825
2006/05/10 22:45,87,1,100,2825
2006/05/10 23:00,81,1,100,2825
2006/05/10 23:15,50,1,100,2825
2006/05/10 23:30,61,1,100,2825
2006/05/10 23:45,36,1,100,2825
2006/06/10 00:00,28,1,100,2825
2006/06/10 00:15,20,1,100,2825
2006/06/10 00:30,30,1,100,2825
2006/06/10 00:45,15,1,100,2825
2006/06/10 01:00,14,1,100,2825
2006/06/10 01:15,12,1,100,2825
2006/06/10 01:30,16,1,100,2825
2006/06/10 01:45,13,1,100,2825
2006/06/10 02:00,12,1,100,2825
2006/06/10 02:15,8,1,100,2825
2006/06/10 02:30,9,1,100,2825
2006/06/10 02:45,8,1,100,2825
2006/06/10 03:00,10,1,100,2825
2006/06/10 03:15,8,1,100,2825
2006/06/10 03:30,6,1,100,2825
2006/06/10 03:45,9,1,100,2825
2006/06/10 04:00,6,1,100,2825
2006/06/10 04:15,6,1,100,2825
2006/06/10 04:30,11,1,100,2825
2006/06/10 04:45,14,1,100,2825
2006/06/10 05:00,16,1,100,2825
2006/06/10 05:15,26,1,100,2825
2006/06/10 05:30,45,1,100,2825
2006/06/10 05:45,44,1,100,2825
2006/06/10 06:00,69,1,100,2825
2006/06/10 06:15,104,1,100,2825
2006/06/10 06:30,145,1,100,2825
2006/06/10 06:45,163,1,100,2825
2006/06/10 07:00,181,1,100,2825
2006/06/10 07:15,228,1,100,2825
2006/06/10 07:30,275,1,100,2825
2006/06/10 07:45,360,1,100,2825
2006/06/10 08:00,357,1,100,2825
2006/06/10 08:15,378,1,100,2825
2006/06/10 08:30,377,1,100,2825
2006/06/10 08:45,339,1,100,2825
2006/06/10 09:00,225,1,100,2825
2006/06/10 09:15,231,1,100,2825
2006/06/10 09:30,207,1,100,2825
2006/06/10 09:45,173,1,100,2825
2006/06/10 10:00,210,1,100,2825
2006/06/10 10:15,196,1,100,2825
2006/06/10 10:30,176,1,100,2825
2006/06/10 10:45,138,1,100,2825
2006/06/10 11:00,184,1,100,2825
2006/06/10 11:15,164,1,100,2825
2006/06/10 11:30,232,1,100,2825
2006/06/10 11:45,184,1,100,2825
2006/06/10 12:00,206,1,100,2825
2006/06/10 12:15,206,1,100,2825
2006/06/10 12:30,191,1,100,2825
2006/06/10 12:45,207,1,100,2825
2006/06/10 13:00,177,1,100,2825
2006/06/10 13:15,220,1,100,2825
2006/06/10 13:30,191,1,100,2825
2006/06/10 13:45,196,1,100,2825
2006/06/10 14:00,194,1,100,2825
2006/06/10 14:15,256,1,100,2825
2006/06/10 14:30,226,1,100,2825
2006/06/10 14:45,207,1,100,2825
2006/06/10 15:00,255,1,100,2825
2006/06/10 15:15,265,1,100,2825
2006/06/10 15:30,286,1,100,2825
2006/06/10 15:45,263,1,100,2825
2006/06/10 16:00,329,1,100,2825
2006/06/10 16:15,301,1,100,2825
2006/06/10 16:30,351,1,100,2825
2006/06/10 16:45,284,1,100,2825
2006/06/10 17:00,306,1,100,2825
2006/06/10 17:15,363,1,100,2825
2006/06/10 17:30,293,1,100,2825
2006/06/10 17:45,332,1,100,2825
2006/06/10 18:00,343,1,100,2825
2006/06/10 18:15,317,1,100,2825
2006/06/10 18:30,294,1,100,2825
2006/06/10 18:45,222,1,100,2825
2006/06/10 19:00,225,1,100,2825
2006/06/10 19:15,210,1,100,2825
2006/06/10 19:30,166,1,100,2825
2006/06/10 19:45,133,1,100,2825
2006/06/10 20:00,132,1,100,2825
2006/06/10 20:15,126,1,100,2825
2006/06/10 20:30,122,1,100,2825
2006/06/10 20:45,103,1,100,2825
2006/06/10 21:00,90,1,100,2825
2006/06/10 21:15,112,1,100,2825
2006/06/10 21:30,121,1,100,2825
2006/06/10 21:45,99,1,100,2825
2006/06/10 22:00,102,1,100,2825
2006/06/10 22:15,120,1,100,2825
2006/06/10 22:30,98,1,100,2825
2006/06/10 22:45,115,1,100,2825
2006/06/10 23:00,109,1,100,2825
2006/06/10 23:15,96,1,100,2825
2006/06/10 23:30,86,1,100,2825
2006/06/10 23:45,67,1,100,2825
2006/07/10 00:00,58,1,100,2825
2006/07/10 00:15,61,1,100,2825
2006/07/10 00:30,51,1,100,2825
2006/07/10 00:45,53,1,100,2825
2006/07/10 01:00,36,1,100,2825
2006/07/10 01:15,27,1,100,2825
2006/07/10 01:30,36,1,100,2825
2006/07/10 01:45,25,1,100,2825
2006/07/10 02:00,23,1,100,2825
2006/07/10 02:15,22,1,100,2825
2006/07/10 02:30,15,1,100,2825
2006/07/10 02:45,19,1,100,2825
2006/07/10 03:00,10,1,100,2825
2006/07/10 03:15,16,1,100,2825
2006/07/10 03:30,19,1,100,2825
2006/07/10 03:45,14,1,100,2825
2006/07/10 04:00,15,1,100,2825
2006/07/10 04:15,8,1,100,2825
2006/07/10 04:30,9,1,100,2825
2006/07/10 04:45,13,1,100,2825
2006/07/10 05:00,14,1,100,2825
2006/07/10 05:15,23,1,100,2825
2006/07/10 05:30,22,1,100,2825
2006/07/10 05:45,32,1,100,2825
2006/07/10 06:00,45,1,100,2825
2006/07/10 06:15,65,1,100,2825
2006/07/10 06:30,94,1,100,2825
2006/07/10 06:45,66,1,100,2825
2006/07/10 07:00,58,1,100,2825
2006/07/10 07:15,83,1,100,2825
2006/07/10 07:30,98,1,100,2825
2006/07/10 07:45,101,1,100,2825
2006/07/10 08:00,95,1,100,2825
2006/07/10 08:15,129,1,100,2825
2006/07/10 08:30,153,1,100,2825
2006/07/10 08:45,145,1,100,2825
2006/07/10 09:00,174,1,100,2825
2006/07/10 09:15,174,1,100,2825
2006/07/10 09:30,190,1,100,2825
2006/07/10 09:45,159,1,100,2825
2006/07/10 10:00,159,1,100,2825
2006/07/10 10:15,196,1,100,2825
2006/07/10 10:30,186,1,100,2825
2006/07/10 10:45,201,1,100,2825
2006/07/10 11:00,227,1,100,2825
2006/07/10 11:15,214,1,100,2825
2006/07/10 11:30,220,1,100,2825
2006/07/10 11:45,151,1,100,2825
2006/07/10 12:00,217,1,100,2825
2006/07/10 12:15,216,1,100,2825
2006/07/10 12:30,232,1,100,2825
2006/07/10 12:45,224,1,100,2825
2006/07/10 13:00,234,1,100,2825
2006/07/10 13:15,213,1,100,2825
2006/07/10 13:30,202,1,100,2825
2006/07/10 13:45,184,1,100,2825
2006/07/10 14:00,233,1,100,2825
2006/07/10 14:15,204,1,100,2825
2006/07/10 14:30,192,1,100,2825
2006/07/10 14:45,179,1,100,2825
2006/07/10 15:00,233,1,100,2825
2006/07/10 15:15,202,1,100,2825
2006/07/10 15:30,214,1,100,2825
2006/07/10 15:45,228,1,100,2825
2006/07/10 16:00,225,1,100,2825
2006/07/10 16:15,189,1,100,2825
2006/07/10 16:30,231,1,100,2825
2006/07/10 16:45,234,1,100,2825
2006/07/10 17:00,198,1,100,2825
2006/07/10 17:15,244,1,100,2825
2006/07/10 17:30,226,1,100,2825
2006/07/10 17:45,269,1,100,2825
2006/07/10 18:00,237,1,100,2825
2006/07/10 18:15,238,1,100,2825
2006/07/10 18:30,185,1,100,2825
2006/07/10 18:45,184,1,100,2825
2006/07/10 19:00,156,1,100,2825
2006/07/10 19:15,177,1,100,2825
2006/07/10 19:30,142,1,100,2825
2006/07/10 19:45,94,1,100,2825
2006/07/10 20:00,105,1,100,2825
2006/07/10 20:15,130,1,100,2825
2006/07/10 20:30,96,1,100,2825
2006/07/10 20:45,98,1,100,2825
2006/07/10 21:00,77,1,100,2825
2006/07/10 21:15,114,1,100,2825
2006/07/10 21:30,95,1,100,2825
2006/07/10 21:45,88,1,100,2825
2006/07/10 22:00,81,1,100,2825
2006/07/10 22:15,80,1,100,2825
2006/07/10 22:30,102,1,100,2825
2006/07/10 22:45,112,1,100,2825
2006/07/10 23:00,117,1,100,2825
2006/07/10 23:15,105,1,100,2825
2006/07/10 23:30,114,1,100,2825
2006/07/10 23:45,120,1,100,2825
2006/08/10 00:00,92,1,100,2825
2006/08/10 00:15,103,1,100,2825
2006/08/10 00:30,94,1,100,2825
2006/08/10 00:45,77,1,100,2825
2006/08/10 01:00,56,1,100,2825
2006/08/10 01:15,44,1,100,2825
2006/08/10 01:30,49,1,100,2825
2006/08/10 01:45,31,1,100,2825
2006/08/10 02:00,30,1,100,2825
2006/08/10 02:15,34,1,100,2825
2006/08/10 02:30,27,1,100,2825
2006/08/10 02:45,32,1,100,2825
2006/08/10 03:00,15,1,100,2825
2006/08/10 03:15,17,1,100,2825
2006/08/10 03:30,14,1,100,2825
2006/08/10 03:45,7,1,100,2825
2006/08/10 04:00,17,1,100,2825
2006/08/10 04:15,14,1,100,2825
2006/08/10 04:30,12,1,100,2825
2006/08/10 04:45,14,1,100,2825
2006/08/10 05:00,15,1,100,2825
2006/08/10 05:15,10,1,100,2825
2006/08/10 05:30,19,1,100,2825
2006/08/10 05:45,22,1,100,2825
2006/08/10 06:00,26,1,100,2825
2006/08/10 06:15,22,1,100,2825
2006/08/10 06:30,43,1,100,2825
2006/08/10 06:45,40,1,100,2825
2006/08/10 07:00,43,1,100,2825
2006/08/10 07:15,52,1,100,2825
2006/08/10 07:30,52,1,100,2825
2006/08/10 07:45,0,1,100,2825
2006/08/10 08:00,48,1,100,2825
2006/08/10 08:15,59,1,100,2825
2006/08/10 08:30,84,1,100,2825
2006/08/10 08:45,106,1,100,2825
2006/08/10 09:00,114,1,100,2825
2006/08/10 09:15,115,1,100,2825
2006/08/10 09:30,118,1,100,2825
2006/08/10 09:45,140,1,100,2825
2006/08/10 10:00,133,1,100,2825
2006/08/10 10:15,144,1,100,2825
2006/08/10 10:30,173,1,100,2825
2006/08/10 10:45,139,1,100,2825
2006/08/10 11:00,151,1,100,2825
2006/08/10 11:15,170,1,100,2825
2006/08/10 11:30,183,1,100,2825
2006/08/10 11:45,188,1,100,2825
2006/08/10 12:00,171,1,100,2825
2006/08/10 12:15,197,1,100,2825
2006/08/10 12:30,234,1,100,2825
2006/08/10 12:45,216,1,100,2825
2006/08/10 13:00,222,1,100,2825
2006/08/10 13:15,211,1,100,2825
2006/08/10 13:30,194,1,100,2825
2006/08/10 13:45,171,1,100,2825
2006/08/10 14:00,225,1,100,2825
2006/08/10 14:15,166,1,100,2825
2006/08/10 14:30,223,1,100,2825
2006/08/10 14:45,193,1,100,2825
2006/08/10 15:00,194,1,100,2825
2006/08/10 15:15,213,1,100,2825
2006/08/10 15:30,194,1,100,2825
2006/08/10 15:45,231,1,100,2825
2006/08/10 16:00,176,1,100,2825
2006/08/10 16:15,209,1,100,2825
2006/08/10 16:30,230,1,100,2825
2006/08/10 16:45,182,1,100,2825
2006/08/10 17:00,195,1,100,2825
2006/08/10 17:15,237,1,100,2825
2006/08/10 17:30,216,1,100,2825
2006/08/10 17:45,231,1,100,2825
2006/08/10 18:00,179,1,100,2825
2006/08/10 18:15,170,1,100,2825
2006/08/10 18:30,171,1,100,2825
2006/08/10 18:45,156,1,100,2825
2006/08/10 19:00,137,1,100,2825
2006/08/10 19:15,126,1,100,2825
2006/08/10 19:30,91,1,100,2825
2006/08/10 19:45,106,1,100,2825
2006/08/10 20:00,90,1,100,2825
2006/08/10 20:15,99,1,100,2825
2006/08/10 20:30,118,1,100,2825
2006/08/10 20:45,105,1,100,2825
2006/08/10 21:00,95,1,100,2825
2006/08/10 21:15,102,1,100,2825
2006/08/10 21:30,114,1,100,2825
2006/08/10 21:45,81,1,100,2825
2006/08/10 22:00,77,1,100,2825
2006/08/10 22:15,69,1,100,2825
2006/08/10 22:30,58,1,100,2825
2006/08/10 22:45,62,1,100,2825
2006/08/10 23:00,49,1,100,2825
2006/08/10 23:15,37,1,100,2825
2006/08/10 23:30,20,1,100,2825
2006/08/10 23:45,19,1,100,2825
2006/09/10 00:00,19,1,100,2825
2006/09/10 00:15,18,1,100,2825
2006/09/10 00:30,12,1,100,2825
2006/09/10 00:45,17,1,100,2825
2006/09/10 01:00,20,1,100,2825
2006/09/10 01:15,15,1,100,2825
2006/09/10 01:30,6,1,100,2825
2006/09/10 01:45,7,1,100,2825
2006/09/10 02:00,6,1,100,2825
2006/09/10 02:15,4,1,100,2825
2006/09/10 02:30,8,1,100,2825
2006/09/10 02:45,5,1,100,2825
2006/09/10 03:00,6,1,100,2825
2006/09/10 03:15,7,1,100,2825
2006/09/10 03:30,6,1,100,2825
2006/09/10 03:45,8,1,100,2825
2006/09/10 04:00,5,1,100,2825
2006/09/10 04:15,9,1,100,2825
2006/09/10 04:30,19,1,100,2825
2006/09/10 04:45,9,1,100,2825
2006/09/10 05:00,17,1,100,2825
2006/09/10 05:15,20,1,100,2825
2006/09/10 05:30,34,1,100,2825
2006/09/10 05:45,44,1,100,2825
2006/09/10 06:00,67,1,100,2825
2006/09/10 06:15,87,1,100,2825
2006/09/10 06:30,147,1,100,2825
2006/09/10 06:45,151,1,100,2825
2006/09/10 07:00,189,1,100,2825
2006/09/10 07:15,254,1,100,2825
2006/09/10 07:30,313,1,100,2825
2006/09/10 07:45,362,1,100,2825
2006/09/10 08:00,398,1,100,2825
2006/09/10 08:15,420,1,100,2825
2006/09/10 08:30,409,1,100,2825
2006/09/10 08:45,343,1,100,2825
2006/09/10 09:00,287,1,100,2825
2006/09/10 09:15,230,1,100,2825
2006/09/10 09:30,248,1,100,2825
2006/09/10 09:45,173,1,100,2825
2006/09/10 10:00,198,1,100,2825
2006/09/10 10:15,204,1,100,2825
2006/09/10 10:30,187,1,100,2825
2006/09/10 10:45,138,1,100,2825
2006/09/10 11:00,160,1,100,2825
2006/09/10 11:15,180,1,100,2825
2006/09/10 11:30,182,1,100,2825
2006/09/10 11:45,150,1,100,2825
2006/09/10 12:00,178,1,100,2825
2006/09/10 12:15,165,1,100,2825
2006/09/10 12:30,205,1,100,2825
2006/09/10 12:45,176,1,100,2825
2006/09/10 13:00,185,1,100,2825
2006/09/10 13:15,185,1,100,2825
2006/09/10 13:30,201,1,100,2825
2006/09/10 13:45,162,1,100,2825
2006/09/10 14:00,171,1,100,2825
2006/09/10 14:15,218,1,100,2825
2006/09/10 14:30,202,1,100,2825
2006/09/10 14:45,244,1,100,2825
2006/09/10 15:00,210,1,100,2825
2006/09/10 15:15,253,1,100,2825
2006/09/10 15:30,290,1,100,2825
2006/09/10 15:45,263,1,100,2825
2006/09/10 16:00,280,1,100,2825
2006/09/10 16:15,294,1,100,2825
2006/09/10 16:30,283,1,100,2825
2006/09/10 16:45,297,1,100,2825
2006/09/10 17:00,304,1,100,2825
2006/09/10 17:15,332,1,100,2825
2006/09/10 17:30,340,1,100,2825
2006/09/10 17:45,342,1,100,2825
2006/09/10 18:00,341,1,100,2825
2006/09/10 18:15,280,1,100,2825
2006/09/10 18:30,239,1,100,2825
2006/09/10 18:45,200,1,100,2825
2006/09/10 19:00,179,1,100,2825
2006/09/10 19:15,169,1,100,2825
2006/09/10 19:30,142,1,100,2825
2006/09/10 19:45,123,1,100,2825
2006/09/10 20:00,128,1,100,2825
2006/09/10 20:15,105,1,100,2825
2006/09/10 20:30,114,1,100,2825
2006/09/10 20:45,98,1,100,2825
2006/09/10 21:00,105,1,100,2825
2006/09/10 21:15,115,1,100,2825
2006/09/10 21:30,91,1,100,2825
2006/09/10 21:45,99,1,100,2825
2006/09/10 22:00,88,1,100,2825
2006/09/10 22:15,72,1,100,2825
2006/09/10 22:30,73,1,100,2825
2006/09/10 22:45,64,1,100,2825
2006/09/10 23:00,43,1,100,2825
2006/09/10 23:15,39,1,100,2825
2006/09/10 23:30,45,1,100,2825
2006/09/10 23:45,23,1,100,2825
2006/10/10 00:00,22,1,100,2825
2006/10/10 00:15,21,1,100,2825
2006/10/10 00:30,9,1,100,2825
2006/10/10 00:45,15,1,100,2825
2006/10/10 01:00,7,1,100,2825
2006/10/10 01:15,6,1,100,2825
2006/10/10 01:30,10,1,100,2825
2006/10/10 01:45,5,1,100,2825
2006/10/10 02:00,9,1,100,2825
2006/10/10 02:15,14,1,100,2825
2006/10/10 02:30,5,1,100,2825
2006/10/10 02:45,1,1,100,2825
2006/10/10 03:00,7,1,100,2825
2006/10/10 03:15,5,1,100,2825
2006/10/10 03:30,12,1,100,2825
2006/10/10 03:45,7,1,100,2825
2006/10/10 04:00,6,1,100,2825
2006/10/10 04:15,9,1,100,2825
2006/10/10 04:30,11,1,100,2825
2006/10/10 04:45,11,1,100,2825
2006/10/10 05:00,15,1,100,2825
2006/10/10 05:15,24,1,100,2825
2006/10/10 05:30,49,1,100,2825
2006/10/10 05:45,39,1,100,2825
2006/10/10 06:00,70,1,100,2825
2006/10/10 06:15,108,1,100,2825
2006/10/10 06:30,148,1,100,2825
2006/10/10 06:45,158,1,100,2825
2006/10/10 07:00,198,1,100,2825
2006/10/10 07:15,232,1,100,2825
2006/10/10 07:30,311,1,100,2825
2006/10/10 07:45,360,1,100,2825
2006/10/10 08:00,394,1,100,2825
2006/10/10 08:15,415,1,100,2825
2006/10/10 08:30,387,1,100,2825
2006/10/10 08:45,343,1,100,2825
2006/10/10 09:00,270,1,100,2825
2006/10/10 09:15,216,1,100,2825
2006/10/10 09:30,217,1,100,2825
2006/10/10 09:45,173,1,100,2825
2006/10/10 10:00,202,1,100,2825
2006/10/10 10:15,185,1,100,2825
2006/10/10 10:30,193,1,100,2825
2006/10/10 10:45,138,1,100,2825
2006/10/10 11:00,170,1,100,2825
2006/10/10 11:15,216,1,100,2825
2006/10/10 11:30,158,1,100,2825
2006/10/10 11:45,186,1,100,2825
2006/10/10 12:00,187,1,100,2825
2006/10/10 12:15,192,1,100,2825
2006/10/10 12:30,192,1,100,2825
2006/10/10 12:45,186,1,100,2825
2006/10/10 13:00,170,1,100,2825
2006/10/10 13:15,162,1,100,2825
2006/10/10 13:30,215,1,100,2825
2006/10/10 13:45,189,1,100,2825
2006/10/10 14:00,176,1,100,2825
2006/10/10 14:15,188,1,100,2825
2006/10/10 14:30,200,1,100,2825
2006/10/10 14:45,215,1,100,2825
2006/10/10 15:00,202,1,100,2825
2006/10/10 15:15,245,1,100,2825
2006/10/10 15:30,275,1,100,2825
2006/10/10 15:45,263,1,100,2825
2006/10/10 16:00,297,1,100,2825
2006/10/10 16:15,284,1,100,2825
2006/10/10 16:30,283,1,100,2825
2006/10/10 16:45,294,1,100,2825
2006/10/10 17:00,300,1,100,2825
2006/10/10 17:15,330,1,100,2825
2006/10/10 17:30,339,1,100,2825
2006/10/10 17:45,307,1,100,2825
2006/10/10 18:00,315,1,100,2825
2006/10/10 18:15,315,1,100,2825
2006/10/10 18:30,280,1,100,2825
2006/10/10 18:45,259,1,100,2825
2006/10/10 19:00,202,1,100,2825
2006/10/10 19:15,188,1,100,2825
2006/10/10 19:30,150,1,100,2825
2006/10/10 19:45,133,1,100,2825
2006/10/10 20:00,126,1,100,2825
2006/10/10 20:15,96,1,100,2825
2006/10/10 20:30,106,1,100,2825
2006/10/10 20:45,115,1,100,2825
2006/10/10 21:00,142,1,100,2825
2006/10/10 21:15,133,1,100,2825
2006/10/10 21:30,108,1,100,2825
2006/10/10 21:45,118,1,100,2825
2006/10/10 22:00,114,1,100,2825
2006/10/10 22:15,114,1,100,2825
2006/10/10 22:30,96,1,100,2825
2006/10/10 22:45,86,1,100,2825
2006/10/10 23:00,61,1,100,2825
2006/10/10 23:15,47,1,100,2825
2006/10/10 23:30,40,1,100,2825
2006/10/10 23:45,35,1,100,2825
2006/11/10 00:00,26,1,100,2825
2006/11/10 00:15,23,1,100,2825
2006/11/10 00:30,20,1,100,2825
2006/11/10 00:45,13,1,100,2825
2006/11/10 01:00,17,1,100,2825
2006/11/10 01:15,7,1,100,2825
2006/11/10 01:30,19,1,100,2825
2006/11/10 01:45,11,1,100,2825
2006/11/10 02:00,9,1,100,2825
2006/11/10 02:15,6,1,100,2825
2006/11/10 02:30,7,1,100,2825
2006/11/10 02:45,7,1,100,2825
2006/11/10 03:00,3,1,100,2825
2006/11/10 03:15,7,1,100,2825
2006/11/10 03:30,8,1,100,2825
2006/11/10 03:45,8,1,100,2825
2006/11/10 04:00,5,1,100,2825
2006/11/10 04:15,19,1,100,2825
2006/11/10 04:30,9,1,100,2825
2006/11/10 04:45,13,1,100,2825
2006/11/10 05:00,15,1,100,2825
2006/11/10 05:15,24,1,100,2825
2006/11/10 05:30,47,1,100,2825
2006/11/10 05:45,41,1,100,2825
2006/11/10 06:00,63,1,100,2825
2006/11/10 06:15,98,1,100,2825
2006/11/10 06:30,157,1,100,2825
2006/11/10 06:45,158,1,100,2825
2006/11/10 07:00,221,1,100,2825
2006/11/10 07:15,232,1,100,2825
2006/11/10 07:30,313,1,100,2825
2006/11/10 07:45,360,1,100,2825
2006/11/10 08:00,398,1,100,2825
2006/11/10 08:15,454,1,100,2825
2006/11/10 08:30,424,1,100,2825
2006/11/10 08:45,324,1,100,2825
2006/11/10 09:00,265,1,100,2825
2006/11/10 09:15,232,1,100,2825
2006/11/10 09:30,243,1,100,2825
2006/11/10 09:45,138,1,100,2825
2006/11/10 10:00,209,1,100,2825
2006/11/10 10:15,190,1,100,2825
2006/11/10 10:30,198,1,100,2825
2006/11/10 10:45,103,1,100,2825
2006/11/10 11:00,159,1,100,2825
2006/11/10 11:15,174,1,100,2825
2006/11/10 11:30,181,1,100,2825
2006/11/10 11:45,184,1,100,2825
2006/11/10 12:00,189,1,100,2825
2006/11/10 12:15,194,1,100,2825
2006/11/10 12:30,182,1,100,2825
2006/11/10 12:45,189,1,100,2825
2006/11/10 13:00,164,1,100,2825
2006/11/10 13:15,208,1,100,2825
2006/11/10 13:30,210,1,100,2825
2006/11/10 13:45,189,1,100,2825
2006/11/10 14:00,190,1,100,2825
2006/11/10 14:15,194,1,100,2825
2006/11/10 14:30,178,1,100,2825
2006/11/10 14:45,216,1,100,2825
2006/11/10 15:00,202,1,100,2825
2006/11/10 15:15,276,1,100,2825
2006/11/10 15:30,287,1,100,2825
2006/11/10 15:45,245,1,100,2825
2006/11/10 16:00,252,1,100,2825
2006/11/10 16:15,315,1,100,2825
2006/11/10 16:30,271,1,100,2825
2006/11/10 16:45,290,1,100,2825
2006/11/10 17:00,330,1,100,2825
2006/11/10 17:15,330,1,100,2825
2006/11/10 17:30,310,1,100,2825
2006/11/10 17:45,358,1,100,2825
2006/11/10 18:00,295,1,100,2825
2006/11/10 18:15,341,1,100,2825
2006/11/10 18:30,278,1,100,2825
2006/11/10 18:45,241,1,100,2825
2006/11/10 19:00,236,1,100,2825
2006/11/10 19:15,184,1,100,2825
2006/11/10 19:30,158,1,100,2825
2006/11/10 19:45,125,1,100,2825
2006/11/10 20:00,146,1,100,2825
2006/11/10 20:15,118,1,100,2825
2006/11/10 20:30,115,1,100,2825
2006/11/10 20:45,113,1,100,2825
2006/11/10 21:00,119,1,100,2825
2006/11/10 21:15,130,1,100,2825
2006/11/10 21:30,119,1,100,2825
2006/11/10 21:45,119,1,100,2825
2006/11/10 22:00,136,1,100,2825
2006/11/10 22:15,125,1,100,2825
2006/11/10 22:30,107,1,100,2825
2006/11/10 22:45,99,1,100,2825
2006/11/10 23:00,45,1,100,2825
2006/11/10 23:15,41,1,100,2825
2006/11/10 23:30,48,1,100,2825
2006/11/10 23:45,47,1,100,2825
2006/12/10 00:00,29,1,100,2825
2006/12/10 00:15,23,1,100,2825
2006/12/10 00:30,25,1,100,2825
2006/12/10 00:45,15,1,100,2825
2006/12/10 01:00,14,1,100,2825
2006/12/10 01:15,8,1,100,2825
2006/12/10 01:30,11,1,100,2825
2006/12/10 01:45,15,1,100,2825
2006/12/10 02:00,18,1,100,2825
2006/12/10 02:15,16,1,100,2825
2006/12/10 02:30,9,1,100,2825
2006/12/10 02:45,9,1,100,2825
2006/12/10 03:00,13,1,100,2825
2006/12/10 03:15,7,1,100,2825
2006/12/10 03:30,8,1,100,2825
2006/12/10 03:45,8,1,100,2825
2006/12/10 04:00,9,1,100,2825
2006/12/10 04:15,13,1,100,2825
2006/12/10 04:30,13,1,100,2825
2006/12/10 04:45,16,1,100,2825
2006/12/10 05:00,12,1,100,2825
2006/12/10 05:15,29,1,100,2825
2006/12/10 05:30,41,1,100,2825
2006/12/10 05:45,65,1,100,2825
2006/12/10 06:00,73,1,100,2825
2006/12/10 06:15,108,1,100,2825
2006/12/10 06:30,159,1,100,2825
2006/12/10 06:45,166,1,100,2825
2006/12/10 07:00,180,1,100,2825
2006/12/10 07:15,247,1,100,2825
2006/12/10 07:30,314,1,100,2825
2006/12/10 07:45,360,1,100,2825
2006/12/10 08:00,364,1,100,2825
2006/12/10 08:15,420,1,100,2825
2006/12/10 08:30,404,1,100,2825
2006/12/10 08:45,368,1,100,2825
2006/12/10 09:00,269,1,100,2825
2006/12/10 09:15,210,1,100,2825
2006/12/10 09:30,208,1,100,2825
2006/12/10 09:45,173,1,100,2825
2006/12/10 10:00,177,1,100,2825
2006/12/10 10:15,176,1,100,2825
2006/12/10 10:30,212,1,100,2825
2006/12/10 10:45,138,1,100,2825
2006/12/10 11:00,164,1,100,2825
2006/12/10 11:15,190,1,100,2825
2006/12/10 11:30,175,1,100,2825
2006/12/10 11:45,178,1,100,2825
2006/12/10 12:00,186,1,100,2825
2006/12/10 12:15,182,1,100,2825
2006/12/10 12:30,179,1,100,2825
2006/12/10 12:45,197,1,100,2825
2006/12/10 13:00,174,1,100,2825
2006/12/10 13:15,194,1,100,2825
2006/12/10 13:30,187,1,100,2825
2006/12/10 13:45,191,1,100,2825
2006/12/10 14:00,194,1,100,2825
2006/12/10 14:15,218,1,100,2825
2006/12/10 14:30,205,1,100,2825
2006/12/10 14:45,232,1,100,2825
2006/12/10 15:00,241,1,100,2825
2006/12/10 15:15,264,1,100,2825
2006/12/10 15:30,240,1,100,2825
2006/12/10 15:45,267,1,100,2825
2006/12/10 16:00,305,1,100,2825
2006/12/10 16:15,285,1,100,2825
2006/12/10 16:30,279,1,100,2825
2006/12/10 16:45,282,1,100,2825
2006/12/10 17:00,313,1,100,2825
2006/12/10 17:15,323,1,100,2825
2006/12/10 17:30,333,1,100,2825
2006/12/10 17:45,330,1,100,2825
2006/12/10 18:00,318,1,100,2825
2006/12/10 18:15,286,1,100,2825
2006/12/10 18:30,247,1,100,2825
2006/12/10 18:45,220,1,100,2825
2006/12/10 19:00,191,1,100,2825
2006/12/10 19:15,184,1,100,2825
2006/12/10 19:30,187,1,100,2825
2006/12/10 19:45,149,1,100,2825
2006/12/10 20:00,124,1,100,2825
2006/12/10 20:15,125,1,100,2825
2006/12/10 20:30,141,1,100,2825
2006/12/10 20:45,135,1,100,2825
2006/12/10 21:00,120,1,100,2825
2006/12/10 21:15,138,1,100,2825
2006/12/10 21:30,128,1,100,2825
2006/12/10 21:45,122,1,100,2825
2006/12/10 22:00,110,1,100,2825
2006/12/10 22:15,97,1,100,2825
2006/12/10 22:30,93,1,100,2825
2006/12/10 22:45,91,1,100,2825
2006/12/10 23:00,84,1,100,2825
2006/12/10 23:15,57,1,100,2825
2006/12/10 23:30,39,1,100,2825
2006/12/10 23:45,43,1,100,2825
2006/10/13 00:00,24,1,100,2825
2006/10/13 00:15,20,1,100,2825
2006/10/13 00:30,16,1,100,2825
2006/10/13 00:45,17,1,100,2825
2006/10/13 01:00,15,1,100,2825
2006/10/13 01:15,21,1,100,2825
2006/10/13 01:30,7,1,100,2825
2006/10/13 01:45,9,1,100,2825
2006/10/13 02:00,12,1,100,2825
2006/10/13 02:15,17,1,100,2825
2006/10/13 02:30,4,1,100,2825
2006/10/13 02:45,12,1,100,2825
2006/10/13 03:00,7,1,100,2825
2006/10/13 03:15,7,1,100,2825
2006/10/13 03:30,12,1,100,2825
2006/10/13 03:45,10,1,100,2825
2006/10/13 04:00,9,1,100,2825
2006/10/13 04:15,14,1,100,2825
2006/10/13 04:30,5,1,100,2825
2006/10/13 04:45,12,1,100,2825
2006/10/13 05:00,17,1,100,2825
2006/10/13 05:15,26,1,100,2825
2006/10/13 05:30,41,1,100,2825
2006/10/13 05:45,43,1,100,2825
2006/10/13 06:00,78,1,100,2825
2006/10/13 06:15,123,1,100,2825
2006/10/13 06:30,133,1,100,2825
2006/10/13 06:45,162,1,100,2825
2006/10/13 07:00,184,1,100,2825
2006/10/13 07:15,245,1,100,2825
2006/10/13 07:30,266,1,100,2825
2006/10/13 07:45,378,1,100,2825
2006/10/13 08:00,351,1,100,2825
2006/10/13 08:15,401,1,100,2825
2006/10/13 08:30,379,1,100,2825
2006/10/13 08:45,363,1,100,2825
2006/10/13 09:00,234,1,100,2825
2006/10/13 09:15,217,1,100,2825
2006/10/13 09:30,219,1,100,2825
2006/10/13 09:45,173,1,100,2825
2006/10/13 10:00,186,1,100,2825
2006/10/13 10:15,198,1,100,2825
2006/10/13 10:30,215,1,100,2825
2006/10/13 10:45,177,1,100,2825
2006/10/13 11:00,187,1,100,2825
2006/10/13 11:15,155,1,100,2825
2006/10/13 11:30,205,1,100,2825
2006/10/13 11:45,188,1,100,2825
2006/10/13 12:00,179,1,100,2825
2006/10/13 12:15,189,1,100,2825
2006/10/13 12:30,234,1,100,2825
2006/10/13 12:45,182,1,100,2825
2006/10/13 13:00,191,1,100,2825
2006/10/13 13:15,212,1,100,2825
2006/10/13 13:30,211,1,100,2825
2006/10/13 13:45,173,1,100,2825
2006/10/13 14:00,191,1,100,2825
2006/10/13 14:15,206,1,100,2825
2006/10/13 14:30,211,1,100,2825
2006/10/13 14:45,226,1,100,2825
2006/10/13 15:00,211,1,100,2825
2006/10/13 15:15,235,1,100,2825
2006/10/13 15:30,299,1,100,2825
2006/10/13 15:45,280,1,100,2825
2006/10/13 16:00,309,1,100,2825
2006/10/13 16:15,316,1,100,2825
2006/10/13 16:30,291,1,100,2825
2006/10/13 16:45,308,1,100,2825
2006/10/13 17:00,305,1,100,2825
2006/10/13 17:15,329,1,100,2825
2006/10/13 17:30,348,1,100,2825
2006/10/13 17:45,355,1,100,2825
2006/10/13 18:00,316,1,100,2825
2006/10/13 18:15,347,1,100,2825
2006/10/13 18:30,256,1,100,2825
2006/10/13 18:45,242,1,100,2825
2006/10/13 19:00,191,1,100,2825
2006/10/13 19:15,184,1,100,2825
2006/10/13 19:30,150,1,100,2825
2006/10/13 19:45,151,1,100,2825
2006/10/13 20:00,132,1,100,2825
2006/10/13 20:15,114,1,100,2825
2006/10/13 20:30,129,1,100,2825
2006/10/13 20:45,94,1,100,2825
2006/10/13 21:00,93,1,100,2825
2006/10/13 21:15,107,1,100,2825
2006/10/13 21:30,110,1,100,2825
2006/10/13 21:45,113,1,100,2825
2006/10/13 22:00,106,1,100,2825
2006/10/13 22:15,108,1,100,2825
2006/10/13 22:30,102,1,100,2825
2006/10/13 22:45,110,1,100,2825
2006/10/13 23:00,99,1,100,2825
2006/10/13 23:15,86,1,100,2825
2006/10/13 23:30,81,1,100,2825
2006/10/13 23:45,74,1,100,2825
2006/10/14 00:00,49,1,100,2825
2006/10/14 00:15,63,1,100,2825
2006/10/14 00:30,53,1,100,2825
2006/10/14 00:45,48,1,100,2825
2006/10/14 01:00,43,1,100,2825
2006/10/14 01:15,35,1,100,2825
2006/10/14 01:30,29,1,100,2825
2006/10/14 01:45,21,1,100,2825
2006/10/14 02:00,18,1,100,2825
2006/10/14 02:15,21,1,100,2825
2006/10/14 02:30,15,1,100,2825
2006/10/14 02:45,18,1,100,2825
2006/10/14 03:00,11,1,100,2825
2006/10/14 03:15,13,1,100,2825
2006/10/14 03:30,11,1,100,2825
2006/10/14 03:45,5,1,100,2825
2006/10/14 04:00,12,1,100,2825
2006/10/14 04:15,13,1,100,2825
2006/10/14 04:30,11,1,100,2825
2006/10/14 04:45,10,1,100,2825
2006/10/14 05:00,9,1,100,2825
2006/10/14 05:15,18,1,100,2825
2006/10/14 05:30,38,1,100,2825
2006/10/14 05:45,31,1,100,2825
2006/10/14 06:00,44,1,100,2825
2006/10/14 06:15,57,1,100,2825
2006/10/14 06:30,74,1,100,2825
2006/10/14 06:45,60,1,100,2825
2006/10/14 07:00,58,1,100,2825
2006/10/14 07:15,78,1,100,2825
2006/10/14 07:30,100,1,100,2825
2006/10/14 07:45,129,1,100,2825
2006/10/14 08:00,109,1,100,2825
2006/10/14 08:15,140,1,100,2825
2006/10/14 08:30,168,1,100,2825
2006/10/14 08:45,178,1,100,2825
2006/10/14 09:00,184,1,100,2825
2006/10/14 09:15,170,1,100,2825
2006/10/14 09:30,166,1,100,2825
2006/10/14 09:45,182,1,100,2825
2006/10/14 10:00,167,1,100,2825
2006/10/14 10:15,174,1,100,2825
2006/10/14 10:30,184,1,100,2825
2006/10/14 10:45,209,1,100,2825
2006/10/14 11:00,201,1,100,2825
2006/10/14 11:15,203,1,100,2825
2006/10/14 11:30,216,1,100,2825
2006/10/14 11:45,203,1,100,2825
2006/10/14 12:00,210,1,100,2825
2006/10/14 12:15,230,1,100,2825
2006/10/14 12:30,233,1,100,2825
2006/10/14 12:45,200,1,100,2825
2006/10/14 13:00,227,1,100,2825
2006/10/14 13:15,235,1,100,2825
2006/10/14 13:30,227,1,100,2825
2006/10/14 13:45,214,1,100,2825
2006/10/14 14:00,195,1,100,2825
2006/10/14 14:15,204,1,100,2825
2006/10/14 14:30,217,1,100,2825
2006/10/14 14:45,207,1,100,2825
2006/10/14 15:00,201,1,100,2825
2006/10/14 15:15,227,1,100,2825
2006/10/14 15:30,207,1,100,2825
2006/10/14 15:45,203,1,100,2825
2006/10/14 16:00,232,1,100,2825
2006/10/14 16:15,225,1,100,2825
2006/10/14 16:30,227,1,100,2825
2006/10/14 16:45,230,1,100,2825
2006/10/14 17:00,222,1,100,2825
2006/10/14 17:15,231,1,100,2825
2006/10/14 17:30,247,1,100,2825
2006/10/14 17:45,283,1,100,2825
2006/10/14 18:00,208,1,100,2825
2006/10/14 18:15,228,1,100,2825
2006/10/14 18:30,201,1,100,2825
2006/10/14 18:45,202,1,100,2825
2006/10/14 19:00,185,1,100,2825
2006/10/14 19:15,162,1,100,2825
2006/10/14 19:30,170,1,100,2825
2006/10/14 19:45,135,1,100,2825
2006/10/14 20:00,119,1,100,2825
2006/10/14 20:15,117,1,100,2825
2006/10/14 20:30,107,1,100,2825
2006/10/14 20:45,91,1,100,2825
2006/10/14 21:00,110,1,100,2825
2006/10/14 21:15,104,1,100,2825
2006/10/14 21:30,100,1,100,2825
2006/10/14 21:45,129,1,100,2825
2006/10/14 22:00,128,1,100,2825
2006/10/14 22:15,108,1,100,2825
2006/10/14 22:30,122,1,100,2825
2006/10/14 22:45,119,1,100,2825
2006/10/14 23:00,93,1,100,2825
2006/10/14 23:15,107,1,100,2825
2006/10/14 23:30,112,1,100,2825
2006/10/14 23:45,93,1,100,2825
2006/10/15 00:00,102,1,100,2825
2006/10/15 00:15,98,1,100,2825
2006/10/15 00:30,81,1,100,2825
2006/10/15 00:45,69,1,100,2825
2006/10/15 01:00,55,1,100,2825
2006/10/15 01:15,59,1,100,2825
2006/10/15 01:30,40,1,100,2825
2006/10/15 01:45,32,1,100,2825
2006/10/15 02:00,37,1,100,2825
2006/10/15 02:15,23,1,100,2825
2006/10/15 02:30,26,1,100,2825
2006/10/15 02:45,24,1,100,2825
2006/10/15 03:00,24,1,100,2825
2006/10/15 03:15,23,1,100,2825
2006/10/15 03:30,22,1,100,2825
2006/10/15 03:45,14,1,100,2825
2006/10/15 04:00,29,1,100,2825
2006/10/15 04:15,22,1,100,2825
2006/10/15 04:30,21,1,100,2825
2006/10/15 04:45,13,1,100,2825
2006/10/15 05:00,17,1,100,2825
2006/10/15 05:15,13,1,100,2825
2006/10/15 05:30,24,1,100,2825
2006/10/15 05:45,27,1,100,2825
2006/10/15 06:00,29,1,100,2825
2006/10/15 06:15,32,1,100,2825
2006/10/15 06:30,56,1,100,2825
2006/10/15 06:45,54,1,100,2825
2006/10/15 07:00,40,1,100,2825
2006/10/15 07:15,38,1,100,2825
2006/10/15 07:30,50,1,100,2825
2006/10/15 07:45,53,1,100,2825
2006/10/15 08:00,66,1,100,2825
2006/10/15 08:15,82,1,100,2825
2006/10/15 08:30,78,1,100,2825
2006/10/15 08:45,98,1,100,2825
2006/10/15 09:00,103,1,100,2825
2006/10/15 09:15,116,1,100,2825
2006/10/15 09:30,150,1,100,2825
2006/10/15 09:45,149,1,100,2825
2006/10/15 10:00,145,1,100,2825
2006/10/15 10:15,138,1,100,2825
2006/10/15 10:30,137,1,100,2825
2006/10/15 10:45,185,1,100,2825
2006/10/15 11:00,164,1,100,2825
2006/10/15 11:15,164,1,100,2825
2006/10/15 11:30,159,1,100,2825
2006/10/15 11:45,211,1,100,2825
2006/10/15 12:00,214,1,100,2825
2006/10/15 12:15,229,1,100,2825
2006/10/15 12:30,213,1,100,2825
2006/10/15 12:45,201,1,100,2825
2006/10/15 13:00,186,1,100,2825
2006/10/15 13:15,213,1,100,2825
2006/10/15 13:30,179,1,100,2825
2006/10/15 13:45,199,1,100,2825
2006/10/15 14:00,194,1,100,2825
2006/10/15 14:15,171,1,100,2825
2006/10/15 14:30,173,1,100,2825
2006/10/15 14:45,174,1,100,2825
2006/10/15 15:00,164,1,100,2825
2006/10/15 15:15,201,1,100,2825
2006/10/15 15:30,192,1,100,2825
2006/10/15 15:45,186,1,100,2825
2006/10/15 16:00,191,1,100,2825
2006/10/15 16:15,202,1,100,2825
2006/10/15 16:30,219,1,100,2825
2006/10/15 16:45,199,1,100,2825
2006/10/15 17:00,231,1,100,2825
2006/10/15 17:15,244,1,100,2825
2006/10/15 17:30,217,1,100,2825
2006/10/15 17:45,196,1,100,2825
2006/10/15 18:00,211,1,100,2825
2006/10/15 18:15,176,1,100,2825
2006/10/15 18:30,178,1,100,2825
2006/10/15 18:45,161,1,100,2825
2006/10/15 19:00,114,1,100,2825
2006/10/15 19:15,111,1,100,2825
2006/10/15 19:30,113,1,100,2825
2006/10/15 19:45,106,1,100,2825
2006/10/15 20:00,96,1,100,2825
2006/10/15 20:15,81,1,100,2825
2006/10/15 20:30,94,1,100,2825
2006/10/15 20:45,102,1,100,2825
2006/10/15 21:00,132,1,100,2825
2006/10/15 21:15,115,1,100,2825
2006/10/15 21:30,102,1,100,2825
2006/10/15 21:45,86,1,100,2825
2006/10/15 22:00,81,1,100,2825
2006/10/15 22:15,69,1,100,2825
2006/10/15 22:30,56,1,100,2825
2006/10/15 22:45,71,1,100,2825
2006/10/15 23:00,47,1,100,2825
2006/10/15 23:15,31,1,100,2825
2006/10/15 23:30,23,1,100,2825
2006/10/15 23:45,25,1,100,2825
2006/10/16 00:00,29,1,100,2825
2006/10/16 00:15,31,1,100,2825
2006/10/16 00:30,25,1,100,2825
2006/10/16 00:45,10,1,100,2825
2006/10/16 01:00,4,1,100,2825
2006/10/16 01:15,10,1,100,2825
2006/10/16 01:30,7,1,100,2825
2006/10/16 01:45,12,1,100,2825
2006/10/16 02:00,7,1,100,2825
2006/10/16 02:15,7,1,100,2825
2006/10/16 02:30,4,1,100,2825
2006/10/16 02:45,7,1,100,2825
2006/10/16 03:00,4,1,100,2825
2006/10/16 03:15,9,1,100,2825
2006/10/16 03:30,5,1,100,2825
2006/10/16 03:45,1,1,100,2825
2006/10/16 04:00,9,1,100,2825
2006/10/16 04:15,13,1,100,2825
2006/10/16 04:30,8,1,100,2825
2006/10/16 04:45,7,1,100,2825
2006/10/16 05:00,14,1,100,2825
2006/10/16 05:15,27,1,100,2825
2006/10/16 05:30,38,1,100,2825
2006/10/16 05:45,34,1,100,2825
2006/10/16 06:00,58,1,100,2825
2006/10/16 06:15,118,1,100,2825
2006/10/16 06:30,140,1,100,2825
2006/10/16 06:45,149,1,100,2825
2006/10/16 07:00,189,1,100,2825
2006/10/16 07:15,232,1,100,2825
2006/10/16 07:30,336,1,100,2825
2006/10/16 07:45,357,1,100,2825
2006/10/16 08:00,380,1,100,2825
2006/10/16 08:15,370,1,100,2825
2006/10/16 08:30,413,1,100,2825
2006/10/16 08:45,361,1,100,2825
2006/10/16 09:00,278,1,100,2825
2006/10/16 09:15,209,1,100,2825
2006/10/16 09:30,225,1,100,2825
2006/10/16 09:45,195,1,100,2825
2006/10/16 10:00,171,1,100,2825
2006/10/16 10:15,177,1,100,2825
2006/10/16 10:30,168,1,100,2825
2006/10/16 10:45,138,1,100,2825
2006/10/16 11:00,170,1,100,2825
2006/10/16 11:15,156,1,100,2825
2006/10/16 11:30,165,1,100,2825
2006/10/16 11:45,184,1,100,2825
2006/10/16 12:00,171,1,100,2825
2006/10/16 12:15,190,1,100,2825
2006/10/16 12:30,200,1,100,2825
2006/10/16 12:45,203,1,100,2825
2006/10/16 13:00,177,1,100,2825
2006/10/16 13:15,197,1,100,2825
2006/10/16 13:30,200,1,100,2825
2006/10/16 13:45,199,1,100,2825
2006/10/16 14:00,173,1,100,2825
2006/10/16 14:15,194,1,100,2825
2006/10/16 14:30,166,1,100,2825
2006/10/16 14:45,207,1,100,2825
2006/10/16 15:00,207,1,100,2825
2006/10/16 15:15,245,1,100,2825
2006/10/16 15:30,268,1,100,2825
2006/10/16 15:45,260,1,100,2825
2006/10/16 16:00,293,1,100,2825
2006/10/16 16:15,325,1,100,2825
2006/10/16 16:30,289,1,100,2825
2006/10/16 16:45,288,1,100,2825
2006/10/16 17:00,294,1,100,2825
2006/10/16 17:15,317,1,100,2825
2006/10/16 17:30,338,1,100,2825
2006/10/16 17:45,344,1,100,2825
2006/10/16 18:00,290,1,100,2825
2006/10/16 18:15,301,1,100,2825
2006/10/16 18:30,259,1,100,2825
2006/10/16 18:45,199,1,100,2825
2006/10/16 19:00,204,1,100,2825
2006/10/16 19:15,161,1,100,2825
2006/10/16 19:30,141,1,100,2825
2006/10/16 19:45,135,1,100,2825
2006/10/16 20:00,123,1,100,2825
2006/10/16 20:15,145,1,100,2825
2006/10/16 20:30,108,1,100,2825
2006/10/16 20:45,108,1,100,2825
2006/10/16 21:00,103,1,100,2825
2006/10/16 21:15,134,1,100,2825
2006/10/16 21:30,90,1,100,2825
2006/10/16 21:45,104,1,100,2825
2006/10/16 22:00,93,1,100,2825
2006/10/16 22:15,98,1,100,2825
2006/10/16 22:30,67,1,100,2825
2006/10/16 22:45,59,1,100,2825
2006/10/16 23:00,48,1,100,2825
2006/10/16 23:15,59,1,100,2825
2006/10/16 23:30,35,1,100,2825
2006/10/16 23:45,38,1,100,2825
2006/10/17 00:00,20,1,100,2825
2006/10/17 00:15,15,1,100,2825
2006/10/17 00:30,16,1,100,2825
2006/10/17 00:45,15,1,100,2825
2006/10/17 01:00,11,1,100,2825
2006/10/17 01:15,8,1,100,2825
2006/10/17 01:30,8,1,100,2825
2006/10/17 01:45,5,1,100,2825
2006/10/17 02:00,8,1,100,2825
2006/10/17 02:15,6,1,100,2825
2006/10/17 02:30,7,1,100,2825
2006/10/17 02:45,10,1,100,2825
2006/10/17 03:00,6,1,100,2825
2006/10/17 03:15,5,1,100,2825
2006/10/17 03:30,5,1,100,2825
2006/10/17 03:45,8,1,100,2825
2006/10/17 04:00,9,1,100,2825
2006/10/17 04:15,11,1,100,2825
2006/10/17 04:30,9,1,100,2825
2006/10/17 04:45,15,1,100,2825
2006/10/17 05:00,16,1,100,2825
2006/10/17 05:15,31,1,100,2825
2006/10/17 05:30,47,1,100,2825
2006/10/17 05:45,47,1,100,2825
2006/10/17 06:00,66,1,100,2825
2006/10/17 06:15,115,1,100,2825
2006/10/17 06:30,140,1,100,2825
2006/10/17 06:45,153,1,100,2825
2006/10/17 07:00,206,1,100,2825
2006/10/17 07:15,259,1,100,2825
2006/10/17 07:30,300,1,100,2825
2006/10/17 07:45,371,1,100,2825
2006/10/17 08:00,382,1,100,2825
2006/10/17 08:15,405,1,100,2825
2006/10/17 08:30,435,1,100,2825
2006/10/17 08:45,343,1,100,2825
2006/10/17 09:00,245,1,100,2825
2006/10/17 09:15,261,1,100,2825
2006/10/17 09:30,218,1,100,2825
2006/10/17 09:45,173,1,100,2825
2006/10/17 10:00,196,1,100,2825
2006/10/17 10:15,199,1,100,2825
2006/10/17 10:30,214,1,100,2825
2006/10/17 10:45,138,1,100,2825
2006/10/17 11:00,165,1,100,2825
2006/10/17 11:15,176,1,100,2825
2006/10/17 11:30,181,1,100,2825
2006/10/17 11:45,184,1,100,2825
2006/10/17 12:00,185,1,100,2825
2006/10/17 12:15,164,1,100,2825
2006/10/17 12:30,199,1,100,2825
2006/10/17 12:45,187,1,100,2825
2006/10/17 13:00,200,1,100,2825
2006/10/17 13:15,179,1,100,2825
2006/10/17 13:30,201,1,100,2825
2006/10/17 13:45,186,1,100,2825
2006/10/17 14:00,170,1,100,2825
2006/10/17 14:15,214,1,100,2825
2006/10/17 14:30,194,1,100,2825
2006/10/17 14:45,207,1,100,2825
2006/10/17 15:00,240,1,100,2825
2006/10/17 15:15,251,1,100,2825
2006/10/17 15:30,276,1,100,2825
2006/10/17 15:45,244,1,100,2825
2006/10/17 16:00,279,1,100,2825
2006/10/17 16:15,282,1,100,2825
2006/10/17 16:30,313,1,100,2825
2006/10/17 16:45,288,1,100,2825
2006/10/17 17:00,303,1,100,2825
2006/10/17 17:15,338,1,100,2825
2006/10/17 17:30,334,1,100,2825
2006/10/17 17:45,333,1,100,2825
2006/10/17 18:00,298,1,100,2825
2006/10/17 18:15,286,1,100,2825
2006/10/17 18:30,299,1,100,2825
2006/10/17 18:45,251,1,100,2825
2006/10/17 19:00,227,1,100,2825
2006/10/17 19:15,172,1,100,2825
2006/10/17 19:30,160,1,100,2825
2006/10/17 19:45,133,1,100,2825
2006/10/17 20:00,120,1,100,2825
2006/10/17 20:15,106,1,100,2825
2006/10/17 20:30,105,1,100,2825
2006/10/17 20:45,96,1,100,2825
2006/10/17 21:00,123,1,100,2825
2006/10/17 21:15,122,1,100,2825
2006/10/17 21:30,107,1,100,2825
2006/10/17 21:45,119,1,100,2825
2006/10/17 22:00,138,1,100,2825
2006/10/17 22:15,99,1,100,2825
2006/10/17 22:30,88,1,100,2825
2006/10/17 22:45,105,1,100,2825
2006/10/17 23:00,89,1,100,2825
2006/10/17 23:15,58,1,100,2825
2006/10/17 23:30,54,1,100,2825
2006/10/17 23:45,42,1,100,2825
2006/10/18 00:00,31,1,100,2825
2006/10/18 00:15,29,1,100,2825
2006/10/18 00:30,14,1,100,2825
2006/10/18 00:45,23,1,100,2825
2006/10/18 01:00,20,1,100,2825
2006/10/18 01:15,9,1,100,2825
2006/10/18 01:30,18,1,100,2825
2006/10/18 01:45,5,1,100,2825
2006/10/18 02:00,10,1,100,2825
2006/10/18 02:15,7,1,100,2825
2006/10/18 02:30,11,1,100,2825
2006/10/18 02:45,14,1,100,2825
2006/10/18 03:00,4,1,100,2825
2006/10/18 03:15,5,1,100,2825
2006/10/18 03:30,8,1,100,2825
2006/10/18 03:45,4,1,100,2825
2006/10/18 04:00,7,1,100,2825
2006/10/18 04:15,13,1,100,2825
2006/10/18 04:30,12,1,100,2825
2006/10/18 04:45,11,1,100,2825
2006/10/18 05:00,22,1,100,2825
2006/10/18 05:15,26,1,100,2825
2006/10/18 05:30,21,1,100,2825
2006/10/18 05:45,43,1,100,2825
2006/10/18 06:00,81,1,100,2825
2006/10/18 06:15,122,1,100,2825
2006/10/18 06:30,144,1,100,2825
2006/10/18 06:45,173,1,100,2825
2006/10/18 07:00,199,1,100,2825
2006/10/18 07:15,245,1,100,2825
2006/10/18 07:30,330,1,100,2825
2006/10/18 07:45,360,1,100,2825
2006/10/18 08:00,407,1,100,2825
2006/10/18 08:15,416,1,100,2825
2006/10/18 08:30,390,1,100,2825
2006/10/18 08:45,358,1,100,2825
2006/10/18 09:00,290,1,100,2825
2006/10/18 09:15,212,1,100,2825
2006/10/18 09:30,226,1,100,2825
2006/10/18 09:45,173,1,100,2825
2006/10/18 10:00,181,1,100,2825
2006/10/18 10:15,192,1,100,2825
2006/10/18 10:30,191,1,100,2825
2006/10/18 10:45,202,1,100,2825
2006/10/18 11:00,173,1,100,2825
2006/10/18 11:15,177,1,100,2825
2006/10/18 11:30,195,1,100,2825
2006/10/18 11:45,199,1,100,2825
2006/10/18 12:00,186,1,100,2825
2006/10/18 12:15,211,1,100,2825
2006/10/18 12:30,214,1,100,2825
2006/10/18 12:45,188,1,100,2825
2006/10/18 13:00,186,1,100,2825
2006/10/18 13:15,192,1,100,2825
2006/10/18 13:30,204,1,100,2825
2006/10/18 13:45,183,1,100,2825
2006/10/18 14:00,196,1,100,2825
2006/10/18 14:15,174,1,100,2825
2006/10/18 14:30,182,1,100,2825
2006/10/18 14:45,199,1,100,2825
2006/10/18 15:00,206,1,100,2825
2006/10/18 15:15,273,1,100,2825
2006/10/18 15:30,247,1,100,2825
2006/10/18 15:45,266,1,100,2825
2006/10/18 16:00,284,1,100,2825
2006/10/18 16:15,297,1,100,2825
2006/10/18 16:30,322,1,100,2825
2006/10/18 16:45,301,1,100,2825
2006/10/18 17:00,286,1,100,2825
2006/10/18 17:15,365,1,100,2825
2006/10/18 17:30,356,1,100,2825
2006/10/18 17:45,371,1,100,2825
2006/10/18 18:00,324,1,100,2825
2006/10/18 18:15,323,1,100,2825
2006/10/18 18:30,292,1,100,2825
2006/10/18 18:45,222,1,100,2825
2006/10/18 19:00,219,1,100,2825
2006/10/18 19:15,171,1,100,2825
2006/10/18 19:30,170,1,100,2825
2006/10/18 19:45,145,1,100,2825
2006/10/18 20:00,143,1,100,2825
2006/10/18 20:15,97,1,100,2825
2006/10/18 20:30,114,1,100,2825
2006/10/18 20:45,132,1,100,2825
2006/10/18 21:00,109,1,100,2825
2006/10/18 21:15,139,1,100,2825
2006/10/18 21:30,121,1,100,2825
2006/10/18 21:45,112,1,100,2825
2006/10/18 22:00,118,1,100,2825
2006/10/18 22:15,112,1,100,2825
2006/10/18 22:30,83,1,100,2825
2006/10/18 22:45,103,1,100,2825
2006/10/18 23:00,66,1,100,2825
2006/10/18 23:15,67,1,100,2825
2006/10/18 23:30,41,1,100,2825
2006/10/18 23:45,47,1,100,2825
2006/10/19 00:00,31,1,100,2825
2006/10/19 00:15,41,1,100,2825
2006/10/19 00:30,24,1,100,2825
2006/10/19 00:45,18,1,100,2825
2006/10/19 01:00,10,1,100,2825
2006/10/19 01:15,16,1,100,2825
2006/10/19 01:30,12,1,100,2825
2006/10/19 01:45,19,1,100,2825
2006/10/19 02:00,14,1,100,2825
2006/10/19 02:15,10,1,100,2825
2006/10/19 02:30,10,1,100,2825
2006/10/19 02:45,10,1,100,2825
2006/10/19 03:00,15,1,100,2825
2006/10/19 03:15,19,1,100,2825
2006/10/19 03:30,8,1,100,2825
2006/10/19 03:45,4,1,100,2825
2006/10/19 04:00,9,1,100,2825
2006/10/19 04:15,6,1,100,2825
2006/10/19 04:30,13,1,100,2825
2006/10/19 04:45,16,1,100,2825
2006/10/19 05:00,24,1,100,2825
2006/10/19 05:15,21,1,100,2825
2006/10/19 05:30,36,1,100,2825
2006/10/19 05:45,52,1,100,2825
2006/10/19 06:00,72,1,100,2825
2006/10/19 06:15,122,1,100,2825
2006/10/19 06:30,145,1,100,2825
2006/10/19 06:45,160,1,100,2825
2006/10/19 07:00,203,1,100,2825
2006/10/19 07:15,241,1,100,2825
2006/10/19 07:30,316,1,100,2825
2006/10/19 07:45,360,1,100,2825
2006/10/19 08:00,395,1,100,2825
2006/10/19 08:15,443,1,100,2825
2006/10/19 08:30,405,1,100,2825
2006/10/19 08:45,345,1,100,2825
2006/10/19 09:00,276,1,100,2825
2006/10/19 09:15,231,1,100,2825
2006/10/19 09:30,248,1,100,2825
2006/10/19 09:45,117,1,100,2825
2006/10/19 10:00,170,1,100,2825
2006/10/19 10:15,194,1,100,2825
2006/10/19 10:30,168,1,100,2825
2006/10/19 10:45,190,1,100,2825
2006/10/19 11:00,171,1,100,2825
2006/10/19 11:15,168,1,100,2825
2006/10/19 11:30,184,1,100,2825
2006/10/19 11:45,206,1,100,2825
2006/10/19 12:00,197,1,100,2825
2006/10/19 12:15,185,1,100,2825
2006/10/19 12:30,208,1,100,2825
2006/10/19 12:45,176,1,100,2825
2006/10/19 13:00,182,1,100,2825
2006/10/19 13:15,215,1,100,2825
2006/10/19 13:30,209,1,100,2825
2006/10/19 13:45,207,1,100,2825
2006/10/19 14:00,236,1,100,2825
2006/10/19 14:15,192,1,100,2825
2006/10/19 14:30,208,1,100,2825
2006/10/19 14:45,190,1,100,2825
2006/10/19 15:00,228,1,100,2825
2006/10/19 15:15,293,1,100,2825
2006/10/19 15:30,262,1,100,2825
2006/10/19 15:45,278,1,100,2825
2006/10/19 16:00,289,1,100,2825
2006/10/19 16:15,335,1,100,2825
2006/10/19 16:30,269,1,100,2825
2006/10/19 16:45,288,1,100,2825
2006/10/19 17:00,283,1,100,2825
2006/10/19 17:15,352,1,100,2825
2006/10/19 17:30,336,1,100,2825
2006/10/19 17:45,336,1,100,2825
2006/10/19 18:00,315,1,100,2825
2006/10/19 18:15,326,1,100,2825
2006/10/19 18:30,296,1,100,2825
2006/10/19 18:45,222,1,100,2825
2006/10/19 19:00,184,1,100,2825
2006/10/19 19:15,226,1,100,2825
2006/10/19 19:30,158,1,100,2825
2006/10/19 19:45,137,1,100,2825
2006/10/19 20:00,140,1,100,2825
2006/10/19 20:15,156,1,100,2825
2006/10/19 20:30,124,1,100,2825
2006/10/19 20:45,127,1,100,2825
2006/10/19 21:00,118,1,100,2825
2006/10/19 21:15,137,1,100,2825
2006/10/19 21:30,121,1,100,2825
2006/10/19 21:45,110,1,100,2825
2006/10/19 22:00,130,1,100,2825
2006/10/19 22:15,94,1,100,2825
2006/10/19 22:30,89,1,100,2825
2006/10/19 22:45,101,1,100,2825
2006/10/19 23:00,72,1,100,2825
2006/10/19 23:15,65,1,100,2825
2006/10/19 23:30,44,1,100,2825
2006/10/19 23:45,42,1,100,2825
2006/10/20 00:00,36,1,100,2825
2006/10/20 00:15,24,1,100,2825
2006/10/20 00:30,23,1,100,2825
2006/10/20 00:45,20,1,100,2825
2006/10/20 01:00,12,1,100,2825
2006/10/20 01:15,16,1,100,2825
2006/10/20 01:30,15,1,100,2825
2006/10/20 01:45,11,1,100,2825
2006/10/20 02:00,11,1,100,2825
2006/10/20 02:15,11,1,100,2825
2006/10/20 02:30,10,1,100,2825
2006/10/20 02:45,6,1,100,2825
2006/10/20 03:00,8,1,100,2825
2006/10/20 03:15,11,1,100,2825
2006/10/20 03:30,8,1,100,2825
2006/10/20 03:45,9,1,100,2825
2006/10/20 04:00,9,1,100,2825
2006/10/20 04:15,11,1,100,2825
2006/10/20 04:30,9,1,100,2825
2006/10/20 04:45,15,1,100,2825
2006/10/20 05:00,11,1,100,2825
2006/10/20 05:15,23,1,100,2825
2006/10/20 05:30,31,1,100,2825
2006/10/20 05:45,69,1,100,2825
2006/10/20 06:00,73,1,100,2825
2006/10/20 06:15,129,1,100,2825
2006/10/20 06:30,141,1,100,2825
2006/10/20 06:45,164,1,100,2825
2006/10/20 07:00,187,1,100,2825
2006/10/20 07:15,226,1,100,2825
2006/10/20 07:30,283,1,100,2825
2006/10/20 07:45,350,1,100,2825
2006/10/20 08:00,334,1,100,2825
2006/10/20 08:15,393,1,100,2825
2006/10/20 08:30,360,1,100,2825
2006/10/20 08:45,334,1,100,2825
2006/10/20 09:00,240,1,100,2825
2006/10/20 09:15,237,1,100,2825
2006/10/20 09:30,234,1,100,2825
2006/10/20 09:45,173,1,100,2825
2006/10/20 10:00,186,1,100,2825
2006/10/20 10:15,206,1,100,2825
2006/10/20 10:30,175,1,100,2825
2006/10/20 10:45,203,1,100,2825
2006/10/20 11:00,194,1,100,2825
2006/10/20 11:15,181,1,100,2825
2006/10/20 11:30,180,1,100,2825
2006/10/20 11:45,189,1,100,2825
2006/10/20 12:00,208,1,100,2825
2006/10/20 12:15,223,1,100,2825
2006/10/20 12:30,193,1,100,2825
2006/10/20 12:45,201,1,100,2825
2006/10/20 13:00,237,1,100,2825
2006/10/20 13:15,210,1,100,2825
2006/10/20 13:30,232,1,100,2825
2006/10/20 13:45,244,1,100,2825
2006/10/20 14:00,179,1,100,2825
2006/10/20 14:15,200,1,100,2825
2006/10/20 14:30,183,1,100,2825
2006/10/20 14:45,233,1,100,2825
2006/10/20 15:00,138,1,100,2825
2006/10/20 15:15,369,1,100,2825
2006/10/20 15:30,310,1,100,2825
2006/10/20 15:45,271,1,100,2825
2006/10/20 16:00,283,1,100,2825
2006/10/20 16:15,290,1,100,2825
2006/10/20 16:30,286,1,100,2825
2006/10/20 16:45,288,1,100,2825
2006/10/20 17:00,317,1,100,2825
2006/10/20 17:15,423,1,100,2825
2006/10/20 17:30,405,1,100,2825
2006/10/20 17:45,333,1,100,2825
2006/10/20 18:00,269,1,100,2825
2006/10/20 18:15,283,1,100,2825
2006/10/20 18:30,227,1,100,2825
2006/10/20 18:45,237,1,100,2825
2006/10/20 19:00,232,1,100,2825
2006/10/20 19:15,195,1,100,2825
2006/10/20 19:30,174,1,100,2825
2006/10/20 19:45,162,1,100,2825
2006/10/20 20:00,141,1,100,2825
2006/10/20 20:15,122,1,100,2825
2006/10/20 20:30,104,1,100,2825
2006/10/20 20:45,121,1,100,2825
2006/10/20 21:00,160,1,100,2825
2006/10/20 21:15,192,1,100,2825
2006/10/20 21:30,114,1,100,2825
2006/10/20 21:45,96,1,100,2825
2006/10/20 22:00,124,1,100,2825
2006/10/20 22:15,105,1,100,2825
2006/10/20 22:30,91,1,100,2825
2006/10/20 22:45,97,1,100,2825
2006/10/20 23:00,95,1,100,2825
2006/10/20 23:15,100,1,100,2825
2006/10/20 23:30,87,1,100,2825
2006/10/20 23:45,82,1,100,2825
2006/10/21 00:00,71,1,100,2825
2006/10/21 00:15,67,1,100,2825
2006/10/21 00:30,46,1,100,2825
2006/10/21 00:45,49,1,100,2825
2006/10/21 01:00,34,1,100,2825
2006/10/21 01:15,41,1,100,2825
2006/10/21 01:30,18,1,100,2825
2006/10/21 01:45,20,1,100,2825
2006/10/21 02:00,11,1,100,2825
2006/10/21 02:15,16,1,100,2825
2006/10/21 02:30,20,1,100,2825
2006/10/21 02:45,13,1,100,2825
2006/10/21 03:00,12,1,100,2825
2006/10/21 03:15,18,1,100,2825
2006/10/21 03:30,6,1,100,2825
2006/10/21 03:45,9,1,100,2825
2006/10/21 04:00,9,1,100,2825
2006/10/21 04:15,10,1,100,2825
2006/10/21 04:30,22,1,100,2825
2006/10/21 04:45,13,1,100,2825
2006/10/21 05:00,19,1,100,2825
2006/10/21 05:15,22,1,100,2825
2006/10/21 05:30,32,1,100,2825
2006/10/21 05:45,32,1,100,2825
2006/10/21 06:00,51,1,100,2825
2006/10/21 06:15,48,1,100,2825
2006/10/21 06:30,72,1,100,2825
2006/10/21 06:45,59,1,100,2825
2006/10/21 07:00,62,1,100,2825
2006/10/21 07:15,64,1,100,2825
2006/10/21 07:30,80,1,100,2825
2006/10/21 07:45,112,1,100,2825
2006/10/21 08:00,123,1,100,2825
2006/10/21 08:15,135,1,100,2825
2006/10/21 08:30,153,1,100,2825
2006/10/21 08:45,175,1,100,2825
2006/10/21 09:00,167,1,100,2825
2006/10/21 09:15,149,1,100,2825
2006/10/21 09:30,190,1,100,2825
2006/10/21 09:45,188,1,100,2825
2006/10/21 10:00,175,1,100,2825
2006/10/21 10:15,185,1,100,2825
2006/10/21 10:30,197,1,100,2825
2006/10/21 10:45,192,1,100,2825
2006/10/21 11:00,175,1,100,2825
2006/10/21 11:15,223,1,100,2825
2006/10/21 11:30,206,1,100,2825
2006/10/21 11:45,151,1,100,2825
2006/10/21 12:00,221,1,100,2825
2006/10/21 12:15,249,1,100,2825
2006/10/21 12:30,221,1,100,2825
2006/10/21 12:45,214,1,100,2825
2006/10/21 13:00,212,1,100,2825
2006/10/21 13:15,247,1,100,2825
2006/10/21 13:30,233,1,100,2825
2006/10/21 13:45,216,1,100,2825
2006/10/21 14:00,226,1,100,2825
2006/10/21 14:15,198,1,100,2825
2006/10/21 14:30,201,1,100,2825
2006/10/21 14:45,194,1,100,2825
2006/10/21 15:00,211,1,100,2825
2006/10/21 15:15,220,1,100,2825
2006/10/21 15:30,201,1,100,2825
2006/10/21 15:45,223,1,100,2825
2006/10/21 16:00,221,1,100,2825
2006/10/21 16:15,185,1,100,2825
2006/10/21 16:30,222,1,100,2825
2006/10/21 16:45,232,1,100,2825
2006/10/21 17:00,236,1,100,2825
2006/10/21 17:15,217,1,100,2825
2006/10/21 17:30,227,1,100,2825
2006/10/21 17:45,251,1,100,2825
2006/10/21 18:00,236,1,100,2825
2006/10/21 18:15,201,1,100,2825
2006/10/21 18:30,222,1,100,2825
2006/10/21 18:45,191,1,100,2825
2006/10/21 19:00,159,1,100,2825
2006/10/21 19:15,143,1,100,2825
2006/10/21 19:30,135,1,100,2825
2006/10/21 19:45,109,1,100,2825
2006/10/21 20:00,82,1,100,2825
2006/10/21 20:15,113,1,100,2825
2006/10/21 20:30,105,1,100,2825
2006/10/21 20:45,105,1,100,2825
2006/10/21 21:00,98,1,100,2825
2006/10/21 21:15,98,1,100,2825
2006/10/21 21:30,97,1,100,2825
2006/10/21 21:45,80,1,100,2825
2006/10/21 22:00,89,1,100,2825
2006/10/21 22:15,95,1,100,2825
2006/10/21 22:30,91,1,100,2825
2006/10/21 22:45,108,1,100,2825
2006/10/21 23:00,106,1,100,2825
2006/10/21 23:15,106,1,100,2825
2006/10/21 23:30,97,1,100,2825
2006/10/21 23:45,106,1,100,2825
2006/10/22 00:00,115,1,100,2825
2006/10/22 00:15,85,1,100,2825
2006/10/22 00:30,87,1,100,2825
2006/10/22 00:45,63,1,100,2825
2006/10/22 01:00,66,1,100,2825
2006/10/22 01:15,41,1,100,2825
2006/10/22 01:30,29,1,100,2825
2006/10/22 01:45,36,1,100,2825
2006/10/22 02:00,32,1,100,2825
2006/10/22 02:15,26,1,100,2825
2006/10/22 02:30,28,1,100,2825
2006/10/22 02:45,17,1,100,2825
2006/10/22 03:00,22,1,100,2825
2006/10/22 03:15,23,1,100,2825
2006/10/22 03:30,12,1,100,2825
2006/10/22 03:45,16,1,100,2825
2006/10/22 04:00,14,1,100,2825
2006/10/22 04:15,16,1,100,2825
2006/10/22 04:30,12,1,100,2825
2006/10/22 04:45,11,1,100,2825
2006/10/22 05:00,15,1,100,2825
2006/10/22 05:15,21,1,100,2825
2006/10/22 05:30,22,1,100,2825
2006/10/22 05:45,24,1,100,2825
2006/10/22 06:00,21,1,100,2825
2006/10/22 06:15,28,1,100,2825
2006/10/22 06:30,40,1,100,2825
2006/10/22 06:45,43,1,100,2825
2006/10/22 07:00,27,1,100,2825
2006/10/22 07:15,53,1,100,2825
2006/10/22 07:30,60,1,100,2825
2006/10/22 07:45,69,1,100,2825
2006/10/22 08:00,67,1,100,2825
2006/10/22 08:15,69,1,100,2825
2006/10/22 08:30,107,1,100,2825
2006/10/22 08:45,79,1,100,2825
2006/10/22 09:00,116,1,100,2825
2006/10/22 09:15,120,1,100,2825
2006/10/22 09:30,122,1,100,2825
2006/10/22 09:45,136,1,100,2825
2006/10/22 10:00,152,1,100,2825
2006/10/22 10:15,163,1,100,2825
2006/10/22 10:30,165,1,100,2825
2006/10/22 10:45,178,1,100,2825
2006/10/22 11:00,156,1,100,2825
2006/10/22 11:15,162,1,100,2825
2006/10/22 11:30,187,1,100,2825
2006/10/22 11:45,182,1,100,2825
2006/10/22 12:00,213,1,100,2825
2006/10/22 12:15,227,1,100,2825
2006/10/22 12:30,192,1,100,2825
2006/10/22 12:45,201,1,100,2825
2006/10/22 13:00,208,1,100,2825
2006/10/22 13:15,208,1,100,2825
2006/10/22 13:30,208,1,100,2825
2006/10/22 13:45,191,1,100,2825
2006/10/22 14:00,199,1,100,2825
2006/10/22 14:15,182,1,100,2825
2006/10/22 14:30,185,1,100,2825
2006/10/22 14:45,187,1,100,2825
2006/10/22 15:00,188,1,100,2825
2006/10/22 15:15,182,1,100,2825
2006/10/22 15:30,177,1,100,2825
2006/10/22 15:45,182,1,100,2825
2006/10/22 16:00,217,1,100,2825
2006/10/22 16:15,188,1,100,2825
2006/10/22 16:30,212,1,100,2825
2006/10/22 16:45,200,1,100,2825
2006/10/22 17:00,200,1,100,2825
2006/10/22 17:15,206,1,100,2825
2006/10/22 17:30,233,1,100,2825
2006/10/22 17:45,217,1,100,2825
2006/10/22 18:00,201,1,100,2825
2006/10/22 18:15,173,1,100,2825
2006/10/22 18:30,178,1,100,2825
2006/10/22 18:45,145,1,100,2825
2006/10/22 19:00,148,1,100,2825
2006/10/22 19:15,147,1,100,2825
2006/10/22 19:30,107,1,100,2825
2006/10/22 19:45,106,1,100,2825
2006/10/22 20:00,109,1,100,2825
2006/10/22 20:15,95,1,100,2825
2006/10/22 20:30,97,1,100,2825
2006/10/22 20:45,82,1,100,2825
2006/10/22 21:00,91,1,100,2825
2006/10/22 21:15,121,1,100,2825
2006/10/22 21:30,96,1,100,2825
2006/10/22 21:45,78,1,100,2825
2006/10/22 22:00,87,1,100,2825
2006/10/22 22:15,77,1,100,2825
2006/10/22 22:30,65,1,100,2825
2006/10/22 22:45,53,1,100,2825
2006/10/22 23:00,44,1,100,2825
2006/10/22 23:15,46,1,100,2825
2006/10/22 23:30,31,1,100,2825
2006/10/22 23:45,17,1,100,2825
2006/10/23 00:00,27,1,100,2825
2006/10/23 00:15,24,1,100,2825
2006/10/23 00:30,19,1,100,2825
2006/10/23 00:45,17,1,100,2825
2006/10/23 01:00,13,1,100,2825
2006/10/23 01:15,11,1,100,2825
2006/10/23 01:30,6,1,100,2825
2006/10/23 01:45,5,1,100,2825
2006/10/23 02:00,9,1,100,2825
2006/10/23 02:15,6,1,100,2825
2006/10/23 02:30,6,1,100,2825
2006/10/23 02:45,6,1,100,2825
2006/10/23 03:00,5,1,100,2825
2006/10/23 03:15,8,1,100,2825
2006/10/23 03:30,9,1,100,2825
2006/10/23 03:45,4,1,100,2825
2006/10/23 04:00,7,1,100,2825
2006/10/23 04:15,9,1,100,2825
2006/10/23 04:30,15,1,100,2825
2006/10/23 04:45,11,1,100,2825
2006/10/23 05:00,22,1,100,2825
2006/10/23 05:15,19,1,100,2825
2006/10/23 05:30,49,1,100,2825
2006/10/23 05:45,57,1,100,2825
2006/10/23 06:00,73,1,100,2825
2006/10/23 06:15,120,1,100,2825
2006/10/23 06:30,135,1,100,2825
2006/10/23 06:45,162,1,100,2825
2006/10/23 07:00,197,1,100,2825
2006/10/23 07:15,237,1,100,2825
2006/10/23 07:30,315,1,100,2825
2006/10/23 07:45,348,1,100,2825
2006/10/23 08:00,374,1,100,2825
2006/10/23 08:15,414,1,100,2825
2006/10/23 08:30,404,1,100,2825
2006/10/23 08:45,306,1,100,2825
2006/10/23 09:00,240,1,100,2825
2006/10/23 09:15,230,1,100,2825
2006/10/23 09:30,210,1,100,2825
2006/10/23 09:45,173,1,100,2825
2006/10/23 10:00,183,1,100,2825
2006/10/23 10:15,188,1,100,2825
2006/10/23 10:30,197,1,100,2825
2006/10/23 10:45,179,1,100,2825
2006/10/23 11:00,168,1,100,2825
2006/10/23 11:15,203,1,100,2825
2006/10/23 11:30,173,1,100,2825
2006/10/23 11:45,175,1,100,2825
2006/10/23 12:00,189,1,100,2825
2006/10/23 12:15,197,1,100,2825
2006/10/23 12:30,191,1,100,2825
2006/10/23 12:45,176,1,100,2825
2006/10/23 13:00,178,1,100,2825
2006/10/23 13:15,212,1,100,2825
2006/10/23 13:30,222,1,100,2825
2006/10/23 13:45,194,1,100,2825
2006/10/23 14:00,198,1,100,2825
2006/10/23 14:15,193,1,100,2825
2006/10/23 14:30,178,1,100,2825
2006/10/23 14:45,204,1,100,2825
2006/10/23 15:00,230,1,100,2825
2006/10/23 15:15,248,1,100,2825
2006/10/23 15:30,262,1,100,2825
2006/10/23 15:45,286,1,100,2825
2006/10/23 16:00,275,1,100,2825
2006/10/23 16:15,252,1,100,2825
2006/10/23 16:30,268,1,100,2825
2006/10/23 16:45,290,1,100,2825
2006/10/23 17:00,286,1,100,2825
2006/10/23 17:15,326,1,100,2825
2006/10/23 17:30,369,1,100,2825
2006/10/23 17:45,333,1,100,2825
2006/10/23 18:00,302,1,100,2825
2006/10/23 18:15,273,1,100,2825
2006/10/23 18:30,224,1,100,2825
2006/10/23 18:45,198,1,100,2825
2006/10/23 19:00,195,1,100,2825
2006/10/23 19:15,142,1,100,2825
2006/10/23 19:30,162,1,100,2825
2006/10/23 19:45,115,1,100,2825
2006/10/23 20:00,101,1,100,2825
2006/10/23 20:15,101,1,100,2825
2006/10/23 20:30,102,1,100,2825
2006/10/23 20:45,110,1,100,2825
2006/10/23 21:00,100,1,100,2825
2006/10/23 21:15,99,1,100,2825
2006/10/23 21:30,80,1,100,2825
2006/10/23 21:45,94,1,100,2825
2006/10/23 22:00,108,1,100,2825
2006/10/23 22:15,77,1,100,2825
2006/10/23 22:30,78,1,100,2825
2006/10/23 22:45,59,1,100,2825
2006/10/23 23:00,46,1,100,2825
2006/10/23 23:15,39,1,100,2825
2006/10/23 23:30,34,1,100,2825
2006/10/23 23:45,23,1,100,2825
2006/10/24 00:00,22,1,100,2825
2006/10/24 00:15,23,1,100,2825
2006/10/24 00:30,17,1,100,2825
2006/10/24 00:45,14,1,100,2825
2006/10/24 01:00,6,1,100,2825
2006/10/24 01:15,10,1,100,2825
2006/10/24 01:30,7,1,100,2825
2006/10/24 01:45,9,1,100,2825
2006/10/24 02:00,5,1,100,2825
2006/10/24 02:15,8,1,100,2825
2006/10/24 02:30,2,1,100,2825
2006/10/24 02:45,6,1,100,2825
2006/10/24 03:00,2,1,100,2825
2006/10/24 03:15,2,1,100,2825
2006/10/24 03:30,6,1,100,2825
2006/10/24 03:45,5,1,100,2825
2006/10/24 04:00,7,1,100,2825
2006/10/24 04:15,7,1,100,2825
2006/10/24 04:30,13,1,100,2825
2006/10/24 04:45,22,1,100,2825
2006/10/24 05:00,14,1,100,2825
2006/10/24 05:15,15,1,100,2825
2006/10/24 05:30,48,1,100,2825
2006/10/24 05:45,46,1,100,2825
2006/10/24 06:00,75,1,100,2825
2006/10/24 06:15,124,1,100,2825
2006/10/24 06:30,143,1,100,2825
2006/10/24 06:45,147,1,100,2825
2006/10/24 07:00,183,1,100,2825
2006/10/24 07:15,231,1,100,2825
2006/10/24 07:30,327,1,100,2825
2006/10/24 07:45,374,1,100,2825
2006/10/24 08:00,392,1,100,2825
2006/10/24 08:15,432,1,100,2825
2006/10/24 08:30,455,1,100,2825
2006/10/24 08:45,342,1,100,2825
2006/10/24 09:00,290,1,100,2825
2006/10/24 09:15,237,1,100,2825
2006/10/24 09:30,211,1,100,2825
2006/10/24 09:45,211,1,100,2825
2006/10/24 10:00,202,1,100,2825
2006/10/24 10:15,177,1,100,2825
2006/10/24 10:30,185,1,100,2825
2006/10/24 10:45,204,1,100,2825
2006/10/24 11:00,173,1,100,2825
2006/10/24 11:15,171,1,100,2825
2006/10/24 11:30,178,1,100,2825
2006/10/24 11:45,194,1,100,2825
2006/10/24 12:00,173,1,100,2825
2006/10/24 12:15,212,1,100,2825
2006/10/24 12:30,204,1,100,2825
2006/10/24 12:45,174,1,100,2825
2006/10/24 13:00,192,1,100,2825
2006/10/24 13:15,181,1,100,2825
2006/10/24 13:30,178,1,100,2825
2006/10/24 13:45,178,1,100,2825
2006/10/24 14:00,185,1,100,2825
2006/10/24 14:15,206,1,100,2825
2006/10/24 14:30,178,1,100,2825
2006/10/24 14:45,175,1,100,2825
2006/10/24 15:00,228,1,100,2825
2006/10/24 15:15,251,1,100,2825
2006/10/24 15:30,258,1,100,2825
2006/10/24 15:45,236,1,100,2825
2006/10/24 16:00,262,1,100,2825
2006/10/24 16:15,292,1,100,2825
2006/10/24 16:30,277,1,100,2825
2006/10/24 16:45,289,1,100,2825
2006/10/24 17:00,281,1,100,2825
2006/10/24 17:15,318,1,100,2825
2006/10/24 17:30,336,1,100,2825
2006/10/24 17:45,331,1,100,2825
2006/10/24 18:00,322,1,100,2825
2006/10/24 18:15,291,1,100,2825
2006/10/24 18:30,244,1,100,2825
2006/10/24 18:45,203,1,100,2825
2006/10/24 19:00,213,1,100,2825
2006/10/24 19:15,189,1,100,2825
2006/10/24 19:30,155,1,100,2825
2006/10/24 19:45,122,1,100,2825
2006/10/24 20:00,137,1,100,2825
2006/10/24 20:15,119,1,100,2825
2006/10/24 20:30,115,1,100,2825
2006/10/24 20:45,107,1,100,2825
2006/10/24 21:00,128,1,100,2825
2006/10/24 21:15,125,1,100,2825
2006/10/24 21:30,113,1,100,2825
2006/10/24 21:45,101,1,100,2825
2006/10/24 22:00,110,1,100,2825
2006/10/24 22:15,98,1,100,2825
2006/10/24 22:30,86,1,100,2825
2006/10/24 22:45,88,1,100,2825
2006/10/24 23:00,64,1,100,2825
2006/10/24 23:15,47,1,100,2825
2006/10/24 23:30,41,1,100,2825
2006/10/24 23:45,40,1,100,2825
2006/10/25 00:00,28,1,100,2825
2006/10/25 00:15,22,1,100,2825
2006/10/25 00:30,20,1,100,2825
2006/10/25 00:45,17,1,100,2825
2006/10/25 01:00,11,1,100,2825
2006/10/25 01:15,16,1,100,2825
2006/10/25 01:30,12,1,100,2825
2006/10/25 01:45,11,1,100,2825
2006/10/25 02:00,5,1,100,2825
2006/10/25 02:15,9,1,100,2825
2006/10/25 02:30,12,1,100,2825
2006/10/25 02:45,9,1,100,2825
2006/10/25 03:00,7,1,100,2825
2006/10/25 03:15,6,1,100,2825
2006/10/25 03:30,6,1,100,2825
2006/10/25 03:45,4,1,100,2825
2006/10/25 04:00,10,1,100,2825
2006/10/25 04:15,10,1,100,2825
2006/10/25 04:30,13,1,100,2825
2006/10/25 04:45,15,1,100,2825
2006/10/25 05:00,12,1,100,2825
2006/10/25 05:15,21,1,100,2825
2006/10/25 05:30,41,1,100,2825
2006/10/25 05:45,46,1,100,2825
2006/10/25 06:00,57,1,100,2825
2006/10/25 06:15,99,1,100,2825
2006/10/25 06:30,160,1,100,2825
2006/10/25 06:45,163,1,100,2825
2006/10/25 07:00,168,1,100,2825
2006/10/25 07:15,223,1,100,2825
2006/10/25 07:30,327,1,100,2825
2006/10/25 07:45,361,1,100,2825
2006/10/25 08:00,401,1,100,2825
2006/10/25 08:15,383,1,100,2825
2006/10/25 08:30,391,1,100,2825
2006/10/25 08:45,370,1,100,2825
2006/10/25 09:00,297,1,100,2825
2006/10/25 09:15,221,1,100,2825
2006/10/25 09:30,227,1,100,2825
2006/10/25 09:45,212,1,100,2825
2006/10/25 10:00,199,1,100,2825
2006/10/25 10:15,177,1,100,2825
2006/10/25 10:30,183,1,100,2825
2006/10/25 10:45,138,1,100,2825
2006/10/25 11:00,195,1,100,2825
2006/10/25 11:15,160,1,100,2825
2006/10/25 11:30,195,1,100,2825
2006/10/25 11:45,210,1,100,2825
2006/10/25 12:00,166,1,100,2825
2006/10/25 12:15,200,1,100,2825
2006/10/25 12:30,182,1,100,2825
2006/10/25 12:45,174,1,100,2825
2006/10/25 13:00,196,1,100,2825
2006/10/25 13:15,197,1,100,2825
2006/10/25 13:30,212,1,100,2825
2006/10/25 13:45,167,1,100,2825
2006/10/25 14:00,204,1,100,2825
2006/10/25 14:15,194,1,100,2825
2006/10/25 14:30,200,1,100,2825
2006/10/25 14:45,207,1,100,2825
2006/10/25 15:00,210,1,100,2825
2006/10/25 15:15,262,1,100,2825
2006/10/25 15:30,274,1,100,2825
2006/10/25 15:45,263,1,100,2825
2006/10/25 16:00,285,1,100,2825
2006/10/25 16:15,321,1,100,2825
2006/10/25 16:30,304,1,100,2825
2006/10/25 16:45,287,1,100,2825
2006/10/25 17:00,288,1,100,2825
2006/10/25 17:15,332,1,100,2825
2006/10/25 17:30,345,1,100,2825
2006/10/25 17:45,350,1,100,2825
2006/10/25 18:00,282,1,100,2825
2006/10/25 18:15,263,1,100,2825
2006/10/25 18:30,285,1,100,2825
2006/10/25 18:45,224,1,100,2825
2006/10/25 19:00,192,1,100,2825
2006/10/25 19:15,179,1,100,2825
2006/10/25 19:30,135,1,100,2825
2006/10/25 19:45,133,1,100,2825
2006/10/25 20:00,129,1,100,2825
2006/10/25 20:15,132,1,100,2825
2006/10/25 20:30,98,1,100,2825
2006/10/25 20:45,119,1,100,2825
2006/10/25 21:00,108,1,100,2825
2006/10/25 21:15,145,1,100,2825
2006/10/25 21:30,123,1,100,2825
2006/10/25 21:45,130,1,100,2825
2006/10/25 22:00,113,1,100,2825
2006/10/25 22:15,100,1,100,2825
2006/10/25 22:30,73,1,100,2825
2006/10/25 22:45,70,1,100,2825
2006/10/25 23:00,85,1,100,2825
2006/10/25 23:15,49,1,100,2825
2006/10/25 23:30,46,1,100,2825
2006/10/25 23:45,26,1,100,2825
2006/10/26 00:00,33,1,100,2825
2006/10/26 00:15,30,1,100,2825
2006/10/26 00:30,23,1,100,2825
2006/10/26 00:45,12,1,100,2825
2006/10/26 01:00,19,1,100,2825
2006/10/26 01:15,10,1,100,2825
2006/10/26 01:30,13,1,100,2825
2006/10/26 01:45,5,1,100,2825
2006/10/26 02:00,20,1,100,2825
2006/10/26 02:15,22,1,100,2825
2006/10/26 02:30,9,1,100,2825
2006/10/26 02:45,7,1,100,2825
2006/10/26 03:00,16,1,100,2825
2006/10/26 03:15,8,1,100,2825
2006/10/26 03:30,12,1,100,2825
2006/10/26 03:45,5,1,100,2825
2006/10/26 04:00,8,1,100,2825
2006/10/26 04:15,10,1,100,2825
2006/10/26 04:30,10,1,100,2825
2006/10/26 04:45,12,1,100,2825
2006/10/26 05:00,16,1,100,2825
2006/10/26 05:15,20,1,100,2825
2006/10/26 05:30,39,1,100,2825
2006/10/26 05:45,58,1,100,2825
2006/10/26 06:00,64,1,100,2825
2006/10/26 06:15,115,1,100,2825
2006/10/26 06:30,160,1,100,2825
2006/10/26 06:45,160,1,100,2825
2006/10/26 07:00,197,1,100,2825
2006/10/26 07:15,230,1,100,2825
2006/10/26 07:30,322,1,100,2825
2006/10/26 07:45,372,1,100,2825
2006/10/26 08:00,379,1,100,2825
2006/10/26 08:15,410,1,100,2825
2006/10/26 08:30,389,1,100,2825
2006/10/26 08:45,385,1,100,2825
2006/10/26 09:00,277,1,100,2825
2006/10/26 09:15,226,1,100,2825
2006/10/26 09:30,221,1,100,2825
2006/10/26 09:45,213,1,100,2825
2006/10/26 10:00,179,1,100,2825
2006/10/26 10:15,186,1,100,2825
2006/10/26 10:30,209,1,100,2825
2006/10/26 10:45,138,1,100,2825
2006/10/26 11:00,165,1,100,2825
2006/10/26 11:15,198,1,100,2825
2006/10/26 11:30,163,1,100,2825
2006/10/26 11:45,185,1,100,2825
2006/10/26 12:00,157,1,100,2825
2006/10/26 12:15,183,1,100,2825
2006/10/26 12:30,211,1,100,2825
2006/10/26 12:45,187,1,100,2825
2006/10/26 13:00,200,1,100,2825
2006/10/26 13:15,194,1,100,2825
2006/10/26 13:30,198,1,100,2825
2006/10/26 13:45,222,1,100,2825
2006/10/26 14:00,200,1,100,2825
2006/10/26 14:15,206,1,100,2825
2006/10/26 14:30,175,1,100,2825
2006/10/26 14:45,220,1,100,2825
2006/10/26 15:00,224,1,100,2825
2006/10/26 15:15,305,1,100,2825
2006/10/26 15:30,275,1,100,2825
2006/10/26 15:45,270,1,100,2825
2006/10/26 16:00,283,1,100,2825
2006/10/26 16:15,288,1,100,2825
2006/10/26 16:30,290,1,100,2825
2006/10/26 16:45,246,1,100,2825
2006/10/26 17:00,294,1,100,2825
2006/10/26 17:15,364,1,100,2825
2006/10/26 17:30,358,1,100,2825
2006/10/26 17:45,341,1,100,2825
2006/10/26 18:00,293,1,100,2825
2006/10/26 18:15,300,1,100,2825
2006/10/26 18:30,293,1,100,2825
2006/10/26 18:45,283,1,100,2825
2006/10/26 19:00,234,1,100,2825
2006/10/26 19:15,227,1,100,2825
2006/10/26 19:30,174,1,100,2825
2006/10/26 19:45,141,1,100,2825
2006/10/26 20:00,127,1,100,2825
2006/10/26 20:15,114,1,100,2825
2006/10/26 20:30,132,1,100,2825
2006/10/26 20:45,142,1,100,2825
2006/10/26 21:00,142,1,100,2825
2006/10/26 21:15,138,1,100,2825
2006/10/26 21:30,135,1,100,2825
2006/10/26 21:45,98,1,100,2825
2006/10/26 22:00,118,1,100,2825
2006/10/26 22:15,102,1,100,2825
2006/10/26 22:30,97,1,100,2825
2006/10/26 22:45,85,1,100,2825
2006/10/26 23:00,72,1,100,2825
2006/10/26 23:15,54,1,100,2825
2006/10/26 23:30,65,1,100,2825
2006/10/26 23:45,51,1,100,2825
2006/10/27 00:00,33,1,100,2825
2006/10/27 00:15,31,1,100,2825
2006/10/27 00:30,19,1,100,2825
2006/10/27 00:45,32,1,100,2825
2006/10/27 01:00,20,1,100,2825
2006/10/27 01:15,10,1,100,2825
2006/10/27 01:30,7,1,100,2825
2006/10/27 01:45,11,1,100,2825
2006/10/27 02:00,10,1,100,2825
2006/10/27 02:15,11,1,100,2825
2006/10/27 02:30,7,1,100,2825
2006/10/27 02:45,5,1,100,2825
2006/10/27 03:00,9,1,100,2825
2006/10/27 03:15,12,1,100,2825
2006/10/27 03:30,9,1,100,2825
2006/10/27 03:45,11,1,100,2825
2006/10/27 04:00,8,1,100,2825
2006/10/27 04:15,13,1,100,2825
2006/10/27 04:30,17,1,100,2825
2006/10/27 04:45,9,1,100,2825
2006/10/27 05:00,20,1,100,2825
2006/10/27 05:15,23,1,100,2825
2006/10/27 05:30,45,1,100,2825
2006/10/27 05:45,53,1,100,2825
2006/10/27 06:00,67,1,100,2825
2006/10/27 06:15,123,1,100,2825
2006/10/27 06:30,151,1,100,2825
2006/10/27 06:45,139,1,100,2825
2006/10/27 07:00,187,1,100,2825
2006/10/27 07:15,211,1,100,2825
2006/10/27 07:30,277,1,100,2825
2006/10/27 07:45,357,1,100,2825
2006/10/27 08:00,352,1,100,2825
2006/10/27 08:15,425,1,100,2825
2006/10/27 08:30,365,1,100,2825
2006/10/27 08:45,380,1,100,2825
2006/10/27 09:00,254,1,100,2825
2006/10/27 09:15,203,1,100,2825
2006/10/27 09:30,231,1,100,2825
2006/10/27 09:45,208,1,100,2825
2006/10/27 10:00,213,1,100,2825
2006/10/27 10:15,181,1,100,2825
2006/10/27 10:30,191,1,100,2825
2006/10/27 10:45,204,1,100,2825
2006/10/27 11:00,201,1,100,2825
2006/10/27 11:15,175,1,100,2825
2006/10/27 11:30,194,1,100,2825
2006/10/27 11:45,214,1,100,2825
2006/10/27 12:00,181,1,100,2825
2006/10/27 12:15,183,1,100,2825
2006/10/27 12:30,229,1,100,2825
2006/10/27 12:45,176,1,100,2825
2006/10/27 13:00,207,1,100,2825
2006/10/27 13:15,233,1,100,2825
2006/10/27 13:30,216,1,100,2825
2006/10/27 13:45,194,1,100,2825
2006/10/27 14:00,199,1,100,2825
2006/10/27 14:15,220,1,100,2825
2006/10/27 14:30,221,1,100,2825
2006/10/27 14:45,206,1,100,2825
2006/10/27 15:00,254,1,100,2825
2006/10/27 15:15,254,1,100,2825
2006/10/27 15:30,274,1,100,2825
2006/10/27 15:45,278,1,100,2825
2006/10/27 16:00,298,1,100,2825
2006/10/27 16:15,292,1,100,2825
2006/10/27 16:30,306,1,100,2825
2006/10/27 16:45,310,1,100,2825
2006/10/27 17:00,314,1,100,2825
2006/10/27 17:15,336,1,100,2825
2006/10/27 17:30,367,1,100,2825
2006/10/27 17:45,333,1,100,2825
2006/10/27 18:00,315,1,100,2825
2006/10/27 18:15,319,1,100,2825
2006/10/27 18:30,257,1,100,2825
2006/10/27 18:45,225,1,100,2825
2006/10/27 19:00,181,1,100,2825
2006/10/27 19:15,187,1,100,2825
2006/10/27 19:30,148,1,100,2825
2006/10/27 19:45,167,1,100,2825
2006/10/27 20:00,120,1,100,2825
2006/10/27 20:15,122,1,100,2825
2006/10/27 20:30,107,1,100,2825
2006/10/27 20:45,132,1,100,2825
2006/10/27 21:00,78,1,100,2825
2006/10/27 21:15,144,1,100,2825
2006/10/27 21:30,123,1,100,2825
2006/10/27 21:45,84,1,100,2825
2006/10/27 22:00,99,1,100,2825
2006/10/27 22:15,103,1,100,2825
2006/10/27 22:30,93,1,100,2825
2006/10/27 22:45,79,1,100,2825
2006/10/27 23:00,101,1,100,2825
2006/10/27 23:15,90,1,100,2825
2006/10/27 23:30,78,1,100,2825
2006/10/27 23:45,64,1,100,2825
2006/10/28 00:00,60,1,100,2825
2006/10/28 00:15,69,1,100,2825
2006/10/28 00:30,54,1,100,2825
2006/10/28 00:45,45,1,100,2825
2006/10/28 01:00,32,1,100,2825
2006/10/28 01:15,39,1,100,2825
2006/10/28 01:30,25,1,100,2825
2006/10/28 01:45,13,1,100,2825
2006/10/28 02:00,17,1,100,2825
2006/10/28 02:15,14,1,100,2825
2006/10/28 02:30,22,1,100,2825
2006/10/28 02:45,11,1,100,2825
2006/10/28 03:00,14,1,100,2825
2006/10/28 03:15,14,1,100,2825
2006/10/28 03:30,12,1,100,2825
2006/10/28 03:45,10,1,100,2825
2006/10/28 04:00,19,1,100,2825
2006/10/28 04:15,14,1,100,2825
2006/10/28 04:30,8,1,100,2825
2006/10/28 04:45,12,1,100,2825
2006/10/28 05:00,21,1,100,2825
2006/10/28 05:15,22,1,100,2825
2006/10/28 05:30,24,1,100,2825
2006/10/28 05:45,29,1,100,2825
2006/10/28 06:00,42,1,100,2825
2006/10/28 06:15,58,1,100,2825
2006/10/28 06:30,74,1,100,2825
2006/10/28 06:45,78,1,100,2825
2006/10/28 07:00,51,1,100,2825
2006/10/28 07:15,78,1,100,2825
2006/10/28 07:30,86,1,100,2825
2006/10/28 07:45,90,1,100,2825
2006/10/28 08:00,102,1,100,2825
2006/10/28 08:15,136,1,100,2825
2006/10/28 08:30,178,1,100,2825
2006/10/28 08:45,146,1,100,2825
2006/10/28 09:00,177,1,100,2825
2006/10/28 09:15,139,1,100,2825
2006/10/28 09:30,133,1,100,2825
2006/10/28 09:45,213,1,100,2825
2006/10/28 10:00,183,1,100,2825
2006/10/28 10:15,180,1,100,2825
2006/10/28 10:30,194,1,100,2825
2006/10/28 10:45,194,1,100,2825
2006/10/28 11:00,190,1,100,2825
2006/10/28 11:15,184,1,100,2825
2006/10/28 11:30,206,1,100,2825
2006/10/28 11:45,151,1,100,2825
2006/10/28 12:00,214,1,100,2825
2006/10/28 12:15,207,1,100,2825
2006/10/28 12:30,253,1,100,2825
2006/10/28 12:45,240,1,100,2825
2006/10/28 13:00,236,1,100,2825
2006/10/28 13:15,203,1,100,2825
2006/10/28 13:30,198,1,100,2825
2006/10/28 13:45,154,1,100,2825
2006/10/28 14:00,211,1,100,2825
2006/10/28 14:15,208,1,100,2825
2006/10/28 14:30,212,1,100,2825
2006/10/28 14:45,180,1,100,2825
2006/10/28 15:00,201,1,100,2825
2006/10/28 15:15,212,1,100,2825
2006/10/28 15:30,213,1,100,2825
2006/10/28 15:45,216,1,100,2825
2006/10/28 16:00,249,1,100,2825
2006/10/28 16:15,225,1,100,2825
2006/10/28 16:30,207,1,100,2825
2006/10/28 16:45,222,1,100,2825
2006/10/28 17:00,197,1,100,2825
2006/10/28 17:15,209,1,100,2825
2006/10/28 17:30,248,1,100,2825
2006/10/28 17:45,234,1,100,2825
2006/10/28 18:00,214,1,100,2825
2006/10/28 18:15,192,1,100,2825
2006/10/28 18:30,193,1,100,2825
2006/10/28 18:45,186,1,100,2825
2006/10/28 19:00,166,1,100,2825
2006/10/28 19:15,147,1,100,2825
2006/10/28 19:30,142,1,100,2825
2006/10/28 19:45,94,1,100,2825
2006/10/28 20:00,120,1,100,2825
2006/10/28 20:15,136,1,100,2825
2006/10/28 20:30,93,1,100,2825
2006/10/28 20:45,90,1,100,2825
2006/10/28 21:00,96,1,100,2825
2006/10/28 21:15,93,1,100,2825
2006/10/28 21:30,79,1,100,2825
2006/10/28 21:45,101,1,100,2825
2006/10/28 22:00,121,1,100,2825
2006/10/28 22:15,105,1,100,2825
2006/10/28 22:30,117,1,100,2825
2006/10/28 22:45,118,1,100,2825
2006/10/28 23:00,131,1,100,2825
2006/10/28 23:15,105,1,100,2825
2006/10/28 23:30,101,1,100,2825
2006/10/28 23:45,100,1,100,2825
2006/10/29 00:00,98,1,100,2825
2006/10/29 00:15,107,1,100,2825
2006/10/29 00:30,69,1,100,2825
2006/10/29 00:45,82,1,100,2825
2006/10/29 01:00,55,1,100,2825
2006/10/29 01:15,40,1,100,2825
2006/10/29 01:30,35,1,100,2825
2006/10/29 01:45,0,1,100,2825
2006/10/29 02:00,0,1,100,2825
2006/10/29 02:15,0,1,100,2825
2006/10/29 02:30,0,1,100,2825
2006/10/29 02:45,31,1,100,2825
2006/10/29 03:00,36,1,100,2825
2006/10/29 03:15,19,1,100,2825
2006/10/29 03:30,26,1,100,2825
2006/10/29 03:45,23,1,100,2825
2006/10/29 04:00,16,1,100,2825
2006/10/29 04:15,20,1,100,2825
2006/10/29 04:30,19,1,100,2825
2006/10/29 04:45,11,1,100,2825
2006/10/29 05:00,19,1,100,2825
2006/10/29 05:15,16,1,100,2825
2006/10/29 05:30,11,1,100,2825
2006/10/29 05:45,18,1,100,2825
2006/10/29 06:00,21,1,100,2825
2006/10/29 06:15,33,1,100,2825
2006/10/29 06:30,46,1,100,2825
2006/10/29 06:45,45,1,100,2825
2006/10/29 07:00,37,1,100,2825
2006/10/29 07:15,39,1,100,2825
2006/10/29 07:30,49,1,100,2825
2006/10/29 07:45,53,1,100,2825
2006/10/29 08:00,53,1,100,2825
2006/10/29 08:15,67,1,100,2825
2006/10/29 08:30,72,1,100,2825
2006/10/29 08:45,77,1,100,2825
2006/10/29 09:00,93,1,100,2825
2006/10/29 09:15,83,1,100,2825
2006/10/29 09:30,125,1,100,2825
2006/10/29 09:45,120,1,100,2825
2006/10/29 10:00,129,1,100,2825
2006/10/29 10:15,118,1,100,2825
2006/10/29 10:30,135,1,100,2825
2006/10/29 10:45,129,1,100,2825
2006/10/29 11:00,140,1,100,2825
2006/10/29 11:15,155,1,100,2825
2006/10/29 11:30,173,1,100,2825
2006/10/29 11:45,164,1,100,2825
2006/10/29 12:00,189,1,100,2825
2006/10/29 12:15,225,1,100,2825
2006/10/29 12:30,197,1,100,2825
2006/10/29 12:45,194,1,100,2825
2006/10/29 13:00,216,1,100,2825
2006/10/29 13:15,189,1,100,2825
2006/10/29 13:30,211,1,100,2825
2006/10/29 13:45,167,1,100,2825
2006/10/29 14:00,183,1,100,2825
2006/10/29 14:15,191,1,100,2825
2006/10/29 14:30,185,1,100,2825
2006/10/29 14:45,189,1,100,2825
2006/10/29 15:00,196,1,100,2825
2006/10/29 15:15,186,1,100,2825
2006/10/29 15:30,204,1,100,2825
2006/10/29 15:45,210,1,100,2825
2006/10/29 16:00,194,1,100,2825
2006/10/29 16:15,202,1,100,2825
2006/10/29 16:30,233,1,100,2825
2006/10/29 16:45,196,1,100,2825
2006/10/29 17:00,212,1,100,2825
2006/10/29 17:15,222,1,100,2825
2006/10/29 17:30,230,1,100,2825
2006/10/29 17:45,246,1,100,2825
2006/10/29 18:00,197,1,100,2825
2006/10/29 18:15,206,1,100,2825
2006/10/29 18:30,154,1,100,2825
2006/10/29 18:45,157,1,100,2825
2006/10/29 19:00,163,1,100,2825
2006/10/29 19:15,136,1,100,2825
2006/10/29 19:30,127,1,100,2825
2006/10/29 19:45,110,1,100,2825
2006/10/29 20:00,92,1,100,2825
2006/10/29 20:15,113,1,100,2825
2006/10/29 20:30,103,1,100,2825
2006/10/29 20:45,94,1,100,2825
2006/10/29 21:00,92,1,100,2825
2006/10/29 21:15,113,1,100,2825
2006/10/29 21:30,95,1,100,2825
2006/10/29 21:45,88,1,100,2825
2006/10/29 22:00,95,1,100,2825
2006/10/29 22:15,72,1,100,2825
2006/10/29 22:30,75,1,100,2825
2006/10/29 22:45,75,1,100,2825
2006/10/29 23:00,64,1,100,2825
2006/10/29 23:15,52,1,100,2825
2006/10/29 23:30,44,1,100,2825
2006/10/29 23:45,30,1,100,2825
2006/10/30 00:00,27,1,100,2825
2006/10/30 00:15,32,1,100,2825
2006/10/30 00:30,15,1,100,2825
2006/10/30 00:45,13,1,100,2825
2006/10/30 01:00,20,1,100,2825
2006/10/30 01:15,11,1,100,2825
2006/10/30 01:30,12,1,100,2825
2006/10/30 01:45,10,1,100,2825
2006/10/30 02:00,8,1,100,2825
2006/10/30 02:15,10,1,100,2825
2006/10/30 02:30,9,1,100,2825
2006/10/30 02:45,7,1,100,2825
2006/10/30 03:00,3,1,100,2825
2006/10/30 03:15,6,1,100,2825
2006/10/30 03:30,7,1,100,2825
2006/10/30 03:45,4,1,100,2825
2006/10/30 04:00,9,1,100,2825
2006/10/30 04:15,12,1,100,2825
2006/10/30 04:30,11,1,100,2825
2006/10/30 04:45,16,1,100,2825
2006/10/30 05:00,14,1,100,2825
2006/10/30 05:15,19,1,100,2825
2006/10/30 05:30,41,1,100,2825
2006/10/30 05:45,30,1,100,2825
2006/10/30 06:00,58,1,100,2825
2006/10/30 06:15,96,1,100,2825
2006/10/30 06:30,138,1,100,2825
2006/10/30 06:45,146,1,100,2825
2006/10/30 07:00,161,1,100,2825
2006/10/30 07:15,217,1,100,2825
2006/10/30 07:30,277,1,100,2825
2006/10/30 07:45,317,1,100,2825
2006/10/30 08:00,358,1,100,2825
2006/10/30 08:15,410,1,100,2825
2006/10/30 08:30,411,1,100,2825
2006/10/30 08:45,352,1,100,2825
2006/10/30 09:00,294,1,100,2825
2006/10/30 09:15,234,1,100,2825
2006/10/30 09:30,183,1,100,2825
2006/10/30 09:45,181,1,100,2825
2006/10/30 10:00,183,1,100,2825
2006/10/30 10:15,167,1,100,2825
2006/10/30 10:30,204,1,100,2825
2006/10/30 10:45,182,1,100,2825
2006/10/30 11:00,135,1,100,2825
2006/10/30 11:15,148,1,100,2825
2006/10/30 11:30,157,1,100,2825
2006/10/30 11:45,184,1,100,2825
2006/10/30 12:00,158,1,100,2825
2006/10/30 12:15,166,1,100,2825
2006/10/30 12:30,178,1,100,2825
2006/10/30 12:45,176,1,100,2825
2006/10/30 13:00,188,1,100,2825
2006/10/30 13:15,191,1,100,2825
2006/10/30 13:30,209,1,100,2825
2006/10/30 13:45,168,1,100,2825
2006/10/30 14:00,196,1,100,2825
2006/10/30 14:15,178,1,100,2825
2006/10/30 14:30,197,1,100,2825
2006/10/30 14:45,204,1,100,2825
2006/10/30 15:00,217,1,100,2825
2006/10/30 15:15,263,1,100,2825
2006/10/30 15:30,279,1,100,2825
2006/10/30 15:45,263,1,100,2825
2006/10/30 16:00,280,1,100,2825
2006/10/30 16:15,261,1,100,2825
2006/10/30 16:30,275,1,100,2825
2006/10/30 16:45,276,1,100,2825
2006/10/30 17:00,306,1,100,2825
2006/10/30 17:15,359,1,100,2825
2006/10/30 17:30,329,1,100,2825
2006/10/30 17:45,333,1,100,2825
2006/10/30 18:00,329,1,100,2825
2006/10/30 18:15,304,1,100,2825
2006/10/30 18:30,258,1,100,2825
2006/10/30 18:45,209,1,100,2825
2006/10/30 19:00,201,1,100,2825
2006/10/30 19:15,163,1,100,2825
2006/10/30 19:30,138,1,100,2825
2006/10/30 19:45,121,1,100,2825
2006/10/30 20:00,129,1,100,2825
2006/10/30 20:15,109,1,100,2825
2006/10/30 20:30,109,1,100,2825
2006/10/30 20:45,123,1,100,2825
2006/10/30 21:00,85,1,100,2825
2006/10/30 21:15,98,1,100,2825
2006/10/30 21:30,85,1,100,2825
2006/10/30 21:45,97,1,100,2825
2006/10/30 22:00,104,1,100,2825
2006/10/30 22:15,79,1,100,2825
2006/10/30 22:30,78,1,100,2825
2006/10/30 22:45,49,1,100,2825
2006/10/30 23:00,64,1,100,2825
2006/10/30 23:15,46,1,100,2825
2006/10/30 23:30,30,1,100,2825
2006/10/30 23:45,26,1,100,2825
2006/10/31 00:00,25,1,100,2825
2006/10/31 00:15,22,1,100,2825
2006/10/31 00:30,12,1,100,2825
2006/10/31 00:45,12,1,100,2825
2006/10/31 01:00,16,1,100,2825
2006/10/31 01:15,10,1,100,2825
2006/10/31 01:30,10,1,100,2825
2006/10/31 01:45,4,1,100,2825
2006/10/31 02:00,7,1,100,2825
2006/10/31 02:15,3,1,100,2825
2006/10/31 02:30,12,1,100,2825
2006/10/31 02:45,7,1,100,2825
2006/10/31 03:00,8,1,100,2825
2006/10/31 03:15,9,1,100,2825
2006/10/31 03:30,5,1,100,2825
2006/10/31 03:45,4,1,100,2825
2006/10/31 04:00,9,1,100,2825
2006/10/31 04:15,10,1,100,2825
2006/10/31 04:30,12,1,100,2825
2006/10/31 04:45,13,1,100,2825
2006/10/31 05:00,14,1,100,2825
2006/10/31 05:15,24,1,100,2825
2006/10/31 05:30,36,1,100,2825
2006/10/31 05:45,39,1,100,2825
2006/10/31 06:00,64,1,100,2825
2006/10/31 06:15,95,1,100,2825
2006/10/31 06:30,158,1,100,2825
2006/10/31 06:45,158,1,100,2825
2006/10/31 07:00,215,1,100,2825
2006/10/31 07:15,227,1,100,2825
2006/10/31 07:30,298,1,100,2825
2006/10/31 07:45,347,1,100,2825
2006/10/31 08:00,355,1,100,2825
2006/10/31 08:15,424,1,100,2825
2006/10/31 08:30,421,1,100,2825
2006/10/31 08:45,311,1,100,2825
2006/10/31 09:00,252,1,100,2825
2006/10/31 09:15,218,1,100,2825
2006/10/31 09:30,204,1,100,2825
2006/10/31 09:45,196,1,100,2825
2006/10/31 10:00,194,1,100,2825
2006/10/31 10:15,198,1,100,2825
2006/10/31 10:30,189,1,100,2825
2006/10/31 10:45,173,1,100,2825
2006/10/31 11:00,189,1,100,2825
2006/10/31 11:15,191,1,100,2825
2006/10/31 11:30,196,1,100,2825
2006/10/31 11:45,184,1,100,2825
2006/10/31 12:00,175,1,100,2825
2006/10/31 12:15,171,1,100,2825
2006/10/31 12:30,181,1,100,2825
2006/10/31 12:45,176,1,100,2825
2006/10/31 13:00,203,1,100,2825
2006/10/31 13:15,173,1,100,2825
2006/10/31 13:30,208,1,100,2825
2006/10/31 13:45,180,1,100,2825
2006/10/31 14:00,194,1,100,2825
2006/10/31 14:15,208,1,100,2825
2006/10/31 14:30,195,1,100,2825
2006/10/31 14:45,233,1,100,2825
2006/10/31 15:00,233,1,100,2825
2006/10/31 15:15,251,1,100,2825
2006/10/31 15:30,294,1,100,2825
2006/10/31 15:45,279,1,100,2825
2006/10/31 16:00,272,1,100,2825
2006/10/31 16:15,285,1,100,2825
2006/10/31 16:30,268,1,100,2825
2006/10/31 16:45,315,1,100,2825
2006/10/31 17:00,301,1,100,2825
2006/10/31 17:15,340,1,100,2825
2006/10/31 17:30,309,1,100,2825
2006/10/31 17:45,347,1,100,2825
2006/10/31 18:00,324,1,100,2825
2006/10/31 18:15,311,1,100,2825
2006/10/31 18:30,274,1,100,2825
2006/10/31 18:45,268,1,100,2825
2006/10/31 19:00,209,1,100,2825
2006/10/31 19:15,200,1,100,2825
2006/10/31 19:30,141,1,100,2825
2006/10/31 19:45,145,1,100,2825
2006/10/31 20:00,123,1,100,2825
2006/10/31 20:15,131,1,100,2825
2006/10/31 20:30,134,1,100,2825
2006/10/31 20:45,136,1,100,2825
2006/10/31 21:00,126,1,100,2825
2006/10/31 21:15,140,1,100,2825
2006/10/31 21:30,95,1,100,2825
2006/10/31 21:45,103,1,100,2825
2006/10/31 22:00,115,1,100,2825
2006/10/31 22:15,83,1,100,2825
2006/10/31 22:30,83,1,100,2825
2006/10/31 22:45,82,1,100,2825
2006/10/31 23:00,51,1,100,2825
2006/10/31 23:15,47,1,100,2825
2006/10/31 23:30,38,1,100,2825
2006/10/31 23:45,41,1,100,2825
